Latest: Time (s),Latest: Cuff Pressure (mm Hg)
0,0.603583662
0.01,0.603583662
0.02,0.603583662
0.03,0.603583662
0.04,0.603583662
0.05,0.603583662
0.06,0.603583662
0.07,0.603583662
0.08,0.603583662
0.09,0.603583662
0.1,0.603583662
0.11,0.603583662
0.12,0.603583662
0.13,0.603583662
0.14,0.603583662
0.15,0.603583662
0.16,0.603583662
0.17,0.603583662
0.18,0.603583662
0.19,0.603583662
0.2,0.603583662
0.21,0.603583662
0.22,0.603583662
0.23,0.603583662
0.24,0.603583662
0.25,0.603583662
0.26,0.603583662
0.27,0.603583662
0.28,0.603583662
0.29,0.603583662
0.3,0.603583662
0.31,0.603583662
0.32,0.603583662
0.33,0.603583662
0.34,0.603583662
0.35,0.603583662
0.36,0.603583662
0.37,0.603583662
0.38,0.603583662
0.39,0.603583662
0.4,0.603583662
0.41,0.603583662
0.42,0.603583662
0.43,0.603583662
0.44,0.603583662
0.45,0.603583662
0.46,0.603583662
0.47,0.603583662
0.48,0.603583662
0.49,0.603583662
0.5,0.603583662
0.51,0.603583662
0.52,0.603583662
0.53,0.603583662
0.54,0.603583662
0.55,0.603583662
0.56,0.603583662
0.57,0.603583662
0.58,0.603583662
0.59,0.603583662
0.6,0.603583662
0.61,1.215745687
0.62,1.827907711
0.63,2.512844242
0.64,3.330487226
0.65,4.148130209
0.66,5.239747806
0.67,6.536846361
0.68,7.765451263
0.69,8.994056165
0.7,10.35964837
0.71,11.65674693
0.72,12.88535183
0.73,14.24666319
0.74,15.26978713
0.75,15.68074905
0.76,15.88623001
0.77,15.68074905
0.78,15.13708068
0.79,14.17816953
0.8,12.81685818
0.81,12.2004153
0.82,11.58825328
0.83,11.17729136
0.84,10.83482309
0.85,10.22266107
0.86,9.948686455
0.87,9.062549819
0.88,9.062549819
0.89,8.788575206
0.9,8.583094247
0.91,8.450387794
0.92,8.244906835
0.93,8.176413182
0.94,8.107919529
0.95,7.902438569
0.96,7.765451263
0.97,7.69695761
0.98,7.559970304
0.99,7.422982998
1,7.358770198
1.01,7.290276545
1.02,7.221782892
1.03,7.084795586
1.04,7.084795586
1.05,7.016301933
1.06,6.879314626
1.07,6.810820973
1.08,6.810820973
1.09,6.74232732
1.1,6.673833667
1.11,6.605340014
1.12,6.536846361
1.13,6.536846361
1.14,6.468352708
1.15,6.468352708
1.16,6.468352708
1.17,6.536846361
1.18,6.605340014
1.19,6.810820973
1.2,7.084795586
1.21,7.491476651
1.22,7.970932222
1.23,8.583094247
1.24,9.405018084
1.25,10.42814203
1.26,11.58825328
1.27,12.95384548
1.28,14.31515684
1.29,15.95472366
1.3,17.52151598
1.31,19.36656376
1.32,20.93335607
1.33,22.23045462
1.34,22.64141654
1.35,23.80152779
1.36,22.02497367
1.37,22.91539116
1.38,22.29894828
1.39,21.6182926
1.4,20.93335607
1.41,19.91023213
1.42,19.2980701
1.43,18.68162722
1.44,18.20645251
1.45,17.59000963
1.46,17.18332856
1.47,16.8408603
1.48,16.49839203
1.49,16.22869827
1.5,15.88623001
1.51,15.6122554
1.52,15.26978713
1.53,14.11395673
1.54,13.77148847
1.55,13.77148847
1.56,13.49751386
1.57,13.2920329
1.58,11.86222789
1.59,11.17729136
1.6,11.24578501
1.61,11.24578501
1.62,11.17729136
1.63,11.04030405
1.64,10.9718104
1.65,10.9718104
1.66,10.90331675
1.67,10.83482309
1.68,10.70211664
1.69,10.63362299
1.7,10.56512933
1.71,10.49663568
1.72,10.42814203
1.73,10.35964837
1.74,10.35964837
1.75,10.35964837
1.76,10.35964837
1.77,10.29115472
1.78,10.35964837
1.79,10.49663568
1.8,10.90331675
1.81,11.45126597
1.82,12.33740261
1.83,13.56600751
1.84,15.13708068
1.85,17.04634126
1.86,19.36656376
1.87,21.68678625
1.88,24.0755024
1.89,26.46421856
1.9,28.98564116
1.91,31.44285097
1.92,33.83156712
1.93,35.94630866
1.94,37.38039452
1.95,37.85556924
1.96,37.44888817
1.97,36.49425788
1.98,35.26565298
1.99,33.90006077
2,33.08241779
2.01,32.26049395
2.02,31.64833192
2.03,31.16887635
2.04,30.62520798
2.05,30.14575241
2.06,29.807565
2.07,29.39660308
2.08,28.64745375
2.09,28.44197279
2.1,28.09950452
2.11,27.82552991
2.12,27.4873425
2.13,27.14487423
2.14,26.93939327
2.15,26.59692501
2.16,26.2587376
2.17,26.12175029
2.18,25.91626933
2.19,25.71078837
2.2,25.64229472
2.21,25.43681376
2.22,25.23561365
2.23,25.03013269
2.24,24.89314539
2.25,24.68766443
2.26,24.55067712
2.27,24.34519616
2.28,24.27670251
2.29,24.14399606
2.3,24.00700875
2.31,23.87002145
2.32,23.80152779
2.33,23.73303414
2.34,23.9385151
2.35,24.61917078
2.36,25.71078837
2.37,27.55583615
2.38,29.87605865
2.39,32.67145587
2.4,35.7408277
2.41,38.88297403
2.42,42.15782682
2.43,45.43267961
2.44,48.63903874
2.45,51.57142327
2.46,54.84627606
2.47,57.0980049
2.48,58.80606537
2.49,59.14853364
2.5,58.46359711
2.51,57.57746047
2.52,56.62283018
2.53,55.46271893
2.54,54.50808864
2.55,53.68616481
2.56,53.00550913
2.57,52.2563598
2.58,51.77690423
2.59,51.30172951
2.6,50.82227394
2.61,50.41131202
2.62,50.00463095
2.63,49.66216269
2.64,49.38818807
2.65,49.05000066
2.66,48.7075324
2.67,48.36506413
2.68,48.02259587
2.69,47.75290211
2.7,46.18182894
2.71,46.72977816
2.72,46.25032259
2.73,46.25032259
2.74,46.18182894
2.75,46.18182894
2.76,46.18182894
2.77,46.11333529
2.78,45.97634798
2.79,45.90785433
2.8,45.83936067
2.81,45.70237337
2.82,45.56966691
2.83,45.43267961
2.84,45.2956923
2.85,45.09021134
2.86,44.95322404
2.87,44.81623673
2.88,44.95322404
2.89,45.70237337
2.9,47.20495288
2.91,49.31969442
2.92,52.18786614
2.93,56.0063873
2.94,59.96617662
2.95,64.12716605
2.96,68.28815547
2.97,72.59041306
2.98,77.0253771
2.99,81.32335383
3,85.27886229
3.01,88.21552767
3.02,89.44413257
3.03,89.03317065
3.04,88.01004671
3.05,86.37047989
3.06,84.94067488
3.07,83.71206998
3.08,82.68894604
3.09,81.8670222
3.1,81.11787287
3.11,80.43721719
3.12,79.82077431
3.13,79.27710594
3.14,78.59216941
3.15,78.11699469
3.16,77.56904547
3.17,77.1623644
3.18,76.75140248
3.19,76.27194691
3.2,75.86526585
3.21,75.45430393
3.22,75.04334201
3.23,74.7051546
3.24,74.36268633
3.25,73.95172441
3.26,73.68203065
3.27,73.27106874
3.28,72.99709412
3.29,72.72740036
3.3,72.3849321
3.31,72.11095749
3.32,71.76848922
3.33,71.49879546
3.34,71.22482085
3.35,70.95084624
3.36,70.67687163
3.37,70.33868421
3.38,70.0647096
3.39,69.79073499
3.4,69.58525403
3.41,69.99621595
3.42,71.49879546
3.43,74.02021807
3.44,77.56904547
3.45,82.07250316
3.46,86.6444545
3.47,91.4218868
3.48,95.99383815
3.49,100.7027768
3.5,105.2062345
3.51,109.5042112
3.52,113.0530386
3.53,116.3963851
3.54,118.4426329
3.55,118.7851012
3.56,118.031671
3.57,116.7345725
3.58,115.3732611
3.59,113.8706816
3.6,112.573583
3.61,111.7559401
3.62,111.2764845
3.63,110.8013098
3.64,110.5958288
3.65,110.3218542
3.66,110.1163732
3.67,109.7781858
3.68,109.5042112
3.69,109.161743
3.7,108.8877683
3.71,108.6865682
3.72,108.3441
3.73,108.0016317
3.74,107.6634443
3.75,107.320976
3.76,106.9785078
3.77,106.5675458
3.78,106.2293584
3.79,105.8868902
3.8,105.4759282
3.81,104.9322599
3.82,104.5897916
3.83,104.1831105
3.84,103.7721486
3.85,103.4296804
3.86,102.9545056
3.87,102.5435437
3.88,102.2010755
3.89,101.862888
3.9,101.5204198
3.91,101.2464452
3.92,100.9039769
3.93,100.7027768
3.94,100.4972958
3.95,101.1779515
3.96,102.9545056
3.97,105.8183965
3.98,109.6411985
3.99,114.5513373
4,119.7397315
4.01,125.0608322
4.02,130.1807327
4.03,135.2963525
4.04,140.2792657
4.05,144.9839235
4.06,148.6012446
4.07,150.7159861
4.08,150.8529734
4.09,150.1723177
4.1,148.9437128
4.11,147.6466143
4.12,146.486503
4.13,145.5318727
4.14,144.6457361
4.15,143.8923059
4.16,143.2801439
4.17,142.663701
4.18,142.051539
4.19,141.5720834
4.2,141.0969087
4.21,140.6859468
4.22,140.3477594
4.23,139.9367975
4.24,139.5258355
4.25,139.1876481
4.26,138.8451799
4.27,138.5027116
4.28,138.1602433
4.29,137.8220559
4.3,137.5480813
4.31,137.205613
4.32,136.9359193
4.33,136.593451
4.34,136.2509828
4.35,135.9770081
4.36,135.7073144
4.37,135.4333398
4.38,135.2278588
4.39,134.9538842
4.4,134.8853905
4.41,134.8168969
4.42,134.8168969
4.43,134.8853905
4.44,134.8853905
4.45,134.9538842
4.46,135.7073144
4.47,137.616575
4.48,140.4119722
4.49,144.3032678
4.5,149.2176875
4.51,154.4018008
4.52,159.9968761
4.53,165.5234577
4.54,171.324014
4.55,176.9190893
4.56,181.6965216
4.57,185.039868
4.58,186.6066603
4.59,186.9491286
4.6,186.7436476
4.61,186.062992
4.62,185.039868
4.63,183.8112631
4.64,182.8566328
4.65,181.9020025
4.66,181.217066
4.67,180.4679167
4.68,179.8514738
4.69,179.2393118
4.7,178.6913625
4.71,178.2161878
4.72,177.7367323
4.73,177.2615575
4.74,176.782102
4.75,176.3754209
4.76,175.964459
4.77,175.6219907
4.78,175.0783223
4.79,174.7358541
4.8,174.3933858
4.81,174.1236921
4.82,173.7812238
4.83,173.5072492
4.84,173.1647809
4.85,172.8950872
4.86,172.6211125
4.87,172.3471379
4.88,172.0046697
4.89,171.8034696
4.9,171.5294949
4.91,171.1870267
4.92,171.0500394
4.93,170.8445584
4.94,170.6433583
4.95,170.3693837
4.96,170.0954091
4.97,169.8214345
4.98,169.6202344
4.99,169.4147534
5,169.2092724
5.01,169.0037915
5.02,168.8668042
5.03,168.5928296
5.04,168.4601231
5.05,168.1861485
5.06,167.9806675
5.07,167.8436802
5.08,167.6381993
5.09,167.501212
5.1,167.3000119
5.11,167.0945309
5.12,166.9575436
5.13,166.7520626
5.14,166.6150753
5.15,166.2726071
5.16,166.1399006
5.17,166.0029133
5.18,165.7974324
5.19,165.660445
5.2,165.4549641
5.21,165.3179768
5.22,165.1809895
5.23,164.9797894
5.24,164.8428021
5.25,164.7743084
5.26,164.5688275
5.27,164.4318401
5.28,164.3633465
5.29,164.2263592
5.3,164.0893719
5.31,164.0893719
5.32,164.1578655
5.33,164.1578655
5.34,164.2263592
5.35,164.2263592
5.36,164.0893719
5.37,164.0208782
5.38,163.8196781
5.39,163.6826908
5.4,163.4087162
5.41,163.2032352
5.42,162.8650478
5.43,162.6595669
5.44,162.4540859
5.45,162.248605
5.46,162.1801113
5.47,162.043124
5.48,161.9061367
5.49,161.837643
5.5,161.7049366
5.51,161.6364429
5.52,161.4994556
5.53,161.2939747
5.54,161.1569874
5.55,161.0884937
5.56,160.9515064
5.57,160.8145191
5.58,160.6775318
5.59,160.613319
5.6,160.4763317
5.61,160.407838
5.62,160.2708507
5.63,160.1338634
5.64,160.0653698
5.65,159.9968761
5.66,159.8598888
5.67,159.7229015
5.68,159.5859142
5.69,159.5174205
5.7,159.3847141
5.71,159.3162204
5.72,159.1792331
5.73,159.0422458
5.74,158.9737522
5.75,158.8367649
5.76,158.6997776
5.77,158.6312839
5.78,158.4942966
5.79,158.3615901
5.8,158.2930965
5.81,158.2246028
5.82,158.0876155
5.83,158.0191219
5.84,157.8821346
5.85,157.5396663
5.86,157.4711726
5.87,157.402679
5.88,157.2656917
5.89,157.2014789
5.9,157.0644916
5.91,156.9959979
5.92,156.9275043
5.93,156.7220233
5.94,156.6535297
5.95,156.585036
5.96,156.4480487
5.97,156.3110614
5.98,156.2425677
5.99,156.1740741
6,156.0413676
6.01,155.972874
6.02,155.8358867
6.03,155.767393
6.04,155.6304057
6.05,155.5619121
6.06,155.4934184
6.07,155.3564311
6.08,155.2879375
6.09,155.2194438
6.1,155.0824565
6.11,155.0139628
6.12,154.8812564
6.13,154.8127627
6.14,154.7442691
6.15,154.6072818
6.16,154.5387881
6.17,154.4702945
6.18,154.4018008
6.19,154.2648135
6.2,154.1278262
6.21,154.0593326
6.22,153.9908389
6.23,153.9223452
6.24,153.7896388
6.25,153.7211451
6.26,153.6526515
6.27,153.5156642
6.28,153.4471705
6.29,153.5156642
6.3,153.6526515
6.31,153.7211451
6.32,153.9223452
6.33,153.9223452
6.34,153.9223452
6.35,153.9223452
6.36,153.8581324
6.37,153.7896388
6.38,153.6526515
6.39,153.5156642
6.4,153.3101832
6.41,153.1047023
6.42,152.8992213
6.43,152.6980212
6.44,152.5610339
6.45,152.4240466
6.46,152.2870593
6.47,152.2185656
6.48,152.0815783
6.49,152.0130847
6.5,151.8760974
6.51,151.8076037
6.52,151.7391101
6.53,151.6064036
6.54,151.4694163
6.55,151.332429
6.56,151.2639353
6.57,151.1954417
6.58,151.1954417
6.59,151.126948
6.6,150.9899607
6.61,150.9214671
6.62,150.8529734
6.63,150.7844798
6.64,150.6474925
6.65,150.6474925
6.66,150.5105052
6.67,150.4462924
6.68,150.309305
6.69,150.2408114
6.7,150.1723177
6.71,150.1038241
6.72,150.0353304
6.73,149.8983431
6.74,149.8298495
6.75,149.6928622
6.76,149.6243685
6.77,149.5558749
6.78,149.4873812
6.79,149.3546748
6.8,149.2861811
6.81,149.1491938
6.82,149.0122065
6.83,148.9437128
6.84,148.8752192
6.85,148.7382319
6.86,148.6697382
6.87,148.6012446
6.88,148.5327509
6.89,148.4642573
6.9,148.32727
6.91,148.2587763
6.92,148.1945635
6.93,148.0575762
6.94,147.9890825
6.95,147.9205889
6.96,147.9205889
6.97,147.7836016
6.98,147.7151079
6.99,147.6466143
7,147.509627
7.01,147.4411333
7.02,147.3726397
7.03,147.304146
7.04,147.1671587
7.05,147.1029459
7.06,146.9659586
7.07,146.9659586
7.08,146.897465
7.09,146.8289713
7.1,146.7604776
7.11,146.6234903
7.12,146.5549967
7.13,146.486503
7.14,146.4180094
7.15,146.3495157
7.16,146.2810221
7.17,146.1440348
7.18,146.1440348
7.19,146.0070475
7.2,145.9428347
7.21,145.8058474
7.22,145.7373537
7.23,145.6688601
7.24,145.6688601
7.25,145.5318727
7.26,145.5318727
7.27,145.6003664
7.28,145.7373537
7.29,145.874341
7.3,146.0070475
7.31,146.0755411
7.32,146.1440348
7.33,146.1440348
7.34,146.1440348
7.35,146.0755411
7.36,146.0070475
7.37,145.874341
7.38,145.7373537
7.39,145.5318727
7.4,145.2578981
7.41,144.9839235
7.42,144.8512171
7.43,144.6457361
7.44,144.5772425
7.45,144.4402551
7.46,144.4402551
7.47,144.3032678
7.48,144.1662805
7.49,144.0977869
7.5,144.0292932
7.51,143.8923059
7.52,143.8238123
7.53,143.6911058
7.54,143.6226122
7.55,143.5541185
7.56,143.4856249
7.57,143.4856249
7.58,143.3486376
7.59,143.3486376
7.6,143.2116502
7.61,143.0746629
7.62,143.0746629
7.63,142.9376756
7.64,142.869182
7.65,142.8006883
7.66,142.7321947
7.67,142.663701
7.68,142.5994882
7.69,142.5309946
7.7,142.3940073
7.71,142.3255136
7.72,142.25702
7.73,142.1885263
7.74,142.051539
7.75,141.9830453
7.76,141.9145517
7.77,141.846058
7.78,141.7775644
7.79,141.7090707
7.8,141.6405771
7.81,141.5035898
7.82,141.5035898
7.83,141.3708833
7.84,141.3023897
7.85,141.233896
7.86,141.1654024
7.87,141.0969087
7.88,141.0284151
7.89,140.9599214
7.9,140.8229341
7.91,140.7544404
7.92,140.7544404
7.93,140.6174531
7.94,140.5489595
7.95,140.5489595
7.96,140.4119722
7.97,140.3477594
7.98,140.2792657
7.99,140.2792657
8,140.1422784
8.01,140.0737848
8.02,140.0052911
8.03,139.8683038
8.04,139.7998102
8.05,139.7998102
8.06,139.7313165
8.07,139.6628228
8.08,139.5258355
8.09,139.4573419
8.1,139.3888482
8.11,139.3203546
8.12,139.2518609
8.13,139.2518609
8.14,139.1191545
8.15,139.0506608
8.16,138.9821672
8.17,138.9821672
8.18,138.8451799
8.19,138.7766862
8.2,138.7081926
8.21,138.7081926
8.22,138.7766862
8.23,138.9136735
8.24,139.1191545
8.25,139.2518609
8.26,139.3203546
8.27,139.3888482
8.28,139.3203546
8.29,139.4573419
8.3,139.3203546
8.31,139.2518609
8.32,139.1876481
8.33,138.9821672
8.34,138.7766862
8.35,138.5027116
8.36,138.228737
8.37,138.0275369
8.38,137.8905496
8.39,137.8220559
8.4,137.6850686
8.41,137.616575
8.42,137.5480813
8.43,137.4795877
8.44,137.3426003
8.45,137.2741067
8.46,137.1371194
8.47,137.0686257
8.48,137.0001321
8.49,136.9359193
8.5,136.8674256
8.51,136.8674256
8.52,136.798932
8.53,136.7304383
8.54,136.7304383
8.55,136.593451
8.56,136.593451
8.57,136.4564637
8.58,136.4564637
8.59,136.3194764
8.6,136.2509828
8.61,136.1824891
8.62,136.0455018
8.63,136.0455018
8.64,135.9085145
8.65,135.8400208
8.66,135.7073144
8.67,135.6388207
8.68,135.5703271
8.69,135.5018334
8.7,135.4333398
8.71,135.3648461
8.72,135.2963525
8.73,135.2278588
8.74,135.0908715
8.75,135.0908715
8.76,135.0223778
8.77,134.8853905
8.78,134.8853905
8.79,134.8168969
8.8,134.6841904
8.81,134.6156968
8.82,134.5472031
8.83,134.4787095
8.84,134.4102158
8.85,134.3417222
8.86,134.2732285
8.87,134.2047349
8.88,134.1362412
8.89,134.0677476
8.9,133.9992539
8.91,133.9307603
8.92,133.7937729
8.93,133.7937729
8.94,133.7252793
8.95,133.6567856
8.96,133.5240792
8.97,133.5240792
8.98,133.4555855
8.99,133.3870919
9,133.3185982
9.01,133.2501046
9.02,133.1816109
9.03,133.1131173
9.04,133.0446236
9.05,132.97613
9.06,132.9076363
9.07,132.9076363
9.08,132.9076363
9.09,133.1131173
9.1,133.2501046
9.11,133.4555855
9.12,133.588292
9.13,133.7252793
9.14,133.7937729
9.15,133.8622666
9.16,133.9307603
9.17,133.8622666
9.18,133.7937729
9.19,133.6567856
9.2,133.3870919
9.21,133.1816109
9.22,132.9076363
9.23,132.6336617
9.24,132.4324616
9.25,132.2269806
9.26,132.0899933
9.27,132.0214997
9.28,131.953006
9.29,131.8160187
9.3,131.8160187
9.31,131.6790314
9.32,131.4735504
9.33,131.3365631
9.34,131.2723503
9.35,131.2038567
9.36,131.0668694
9.37,131.0668694
9.38,131.0668694
9.39,130.9983757
9.4,130.9298821
9.41,130.8613884
9.42,130.7928948
9.43,130.7244011
9.44,130.6559075
9.45,130.5874138
9.46,130.5189202
9.47,130.4504265
9.48,130.3819329
9.49,130.3134392
9.5,130.2449455
9.51,130.1122391
9.52,130.0437454
9.53,129.9752518
9.54,129.9067581
9.55,129.7697708
9.56,129.7012772
9.57,129.6327835
9.58,129.5642899
9.59,129.4957962
9.6,129.4273026
9.61,129.3588089
9.62,129.2903153
9.63,129.2218216
9.64,129.153328
9.65,129.0848343
9.66,129.0206215
9.67,128.9521278
9.68,128.8836342
9.69,128.8836342
9.7,128.7466469
9.71,128.7466469
9.72,128.6096596
9.73,128.5411659
9.74,128.5411659
9.75,128.4041786
9.76,128.335685
9.77,128.2671913
9.78,128.2671913
9.79,128.1986977
9.8,128.0617104
9.81,127.9932167
9.82,127.9290039
9.83,127.8605102
9.84,127.7920166
9.85,127.7920166
9.86,127.7235229
9.87,127.6550293
9.88,127.5865356
9.89,127.4495483
9.9,127.3810547
9.91,127.3810547
9.92,127.312561
9.93,127.2440674
9.94,127.3810547
9.95,127.518042
9.96,127.7920166
9.97,127.9932167
9.98,128.1986977
9.99,128.335685
10,128.5411659
10.01,128.6781532
10.02,128.7466469
10.03,128.7466469
10.04,128.6096596
10.05,128.4041786
10.06,128.2671913
10.07,128.0617104
10.08,127.8605102
10.09,127.5865356
10.1,127.3810547
10.11,127.1070801
10.12,126.9700928
10.13,126.8331055
10.14,126.700399
10.15,126.5634117
10.16,126.494918
10.17,126.3579307
10.18,126.2894371
10.19,126.1524498
10.2,126.0839561
10.21,125.9469688
10.22,125.8784752
10.23,125.8099815
10.24,125.6772751
10.25,125.6087814
10.26,125.6087814
10.27,125.5402877
10.28,125.5402877
10.29,125.4717941
10.3,125.3348068
10.31,125.3348068
10.32,125.2663131
10.33,125.1978195
10.34,125.0608322
10.35,124.9923385
10.36,124.9923385
10.37,124.8553512
10.38,124.7868576
10.39,124.7183639
10.4,124.5813766
10.41,124.5171638
10.42,124.4486702
10.43,124.3801765
10.44,124.2431892
10.45,124.1746955
10.46,124.1062019
10.47,124.0377082
10.48,123.9692146
10.49,123.9007209
10.5,123.8322273
10.51,123.7637336
10.52,123.69524
10.53,123.69524
10.54,123.5582527
10.55,123.489759
10.56,123.4255462
10.57,123.3570526
10.58,123.3570526
10.59,123.2885589
10.6,123.2200653
10.61,123.1515716
10.62,123.0830779
10.63,123.0145843
10.64,122.9460906
10.65,122.877597
10.66,122.672116
10.67,122.6036224
10.68,122.5351287
10.69,122.5351287
10.7,122.3981414
10.71,122.3296478
10.72,122.3296478
10.73,122.1969413
10.74,122.1969413
10.75,122.059954
10.76,121.9914603
10.77,121.9229667
10.78,121.9229667
10.79,121.854473
10.8,121.7859794
10.81,121.7174857
10.82,121.6489921
10.83,121.5804984
10.84,121.5120048
10.85,121.5120048
10.86,121.5120048
10.87,121.5804984
10.88,121.7859794
10.89,122.059954
10.9,122.3296478
10.91,122.5351287
10.92,122.877597
10.93,123.0830779
10.94,123.2885589
10.95,123.3570526
10.96,123.2885589
10.97,123.1515716
10.98,123.0830779
10.99,122.9460906
11,122.6036224
11.01,122.4666351
11.02,122.265435
11.03,122.059954
11.04,121.9229667
11.05,121.7859794
11.06,121.5804984
11.07,121.4435111
11.08,121.2380302
11.09,121.1053237
11.1,120.9683364
11.11,120.8998428
11.12,120.6943618
11.13,120.6258681
11.14,120.4203872
11.15,120.3518935
11.16,120.2149062
11.17,120.2149062
11.18,120.1464126
11.19,120.1464126
11.2,120.0779189
11.21,120.0137061
11.22,119.8767188
11.23,119.8767188
11.24,119.8082252
11.25,119.6712379
11.26,119.6027442
11.27,119.5342505
11.28,119.5342505
11.29,119.4657569
11.3,119.3287696
11.31,119.3287696
11.32,119.1917823
11.33,119.1232886
11.34,118.9863013
11.35,118.9863013
11.36,118.8535949
11.37,118.7851012
11.38,118.7166076
11.39,118.6481139
11.4,118.5796203
11.41,118.5111266
11.42,118.4426329
11.43,118.3741393
11.44,118.237152
11.45,118.237152
11.46,118.1686583
11.47,118.031671
11.48,117.9631774
11.49,117.9631774
11.5,117.8946837
11.51,117.8261901
11.52,117.7619773
11.53,117.6934836
11.54,117.62499
11.55,117.5564963
11.56,117.4880027
11.57,117.419509
11.58,117.2825217
11.59,117.2825217
11.6,117.214028
11.61,117.1455344
11.62,117.0770407
11.63,117.0770407
11.64,116.9400534
11.65,116.8715598
11.66,116.8030661
11.67,116.8030661
11.68,116.7345725
11.69,116.6703597
11.7,116.5333724
11.71,116.5333724
11.72,116.4648787
11.73,116.3963851
11.74,116.3278914
11.75,116.2593978
11.76,116.1909041
11.77,116.1224105
11.78,116.0539168
11.79,115.9854231
11.8,115.9169295
11.81,115.8484358
11.82,115.8484358
11.83,115.7799422
11.84,115.7799422
11.85,115.7799422
11.86,116.0539168
11.87,116.3278914
11.88,116.601866
11.89,116.8030661
11.9,117.0770407
11.91,117.3510154
11.92,117.5564963
11.93,117.62499
11.94,117.62499
11.95,117.4880027
11.96,117.419509
11.97,117.2825217
11.98,117.1455344
11.99,116.9400534
12,116.7345725
12.01,116.5333724
12.02,116.3278914
12.03,116.1909041
12.04,115.9854231
12.05,115.8484358
12.06,115.7114485
12.07,115.5102484
12.08,115.3732611
12.09,115.2362738
12.1,115.1677802
12.11,114.9622992
12.12,114.8253119
12.13,114.7568182
12.14,114.6883246
12.15,114.6198309
12.16,114.5513373
12.17,114.5513373
12.18,114.4828436
12.19,114.4186308
12.2,114.3501372
12.21,114.3501372
12.22,114.2131499
12.23,114.0076689
12.24,113.9391753
12.25,113.8706816
12.26,113.802188
12.27,113.6652006
12.28,113.596707
12.29,113.5282133
12.3,113.4597197
12.31,113.3227324
12.32,113.2585196
12.33,113.1900259
12.34,113.1215323
12.35,113.0530386
12.36,112.984545
12.37,112.9160513
12.38,112.9160513
12.39,112.779064
12.4,112.7105704
12.41,112.573583
12.42,112.5050894
12.43,112.5050894
12.44,112.3681021
12.45,112.3681021
12.46,112.2311148
12.47,112.2311148
12.48,112.166902
12.49,112.0984083
12.5,112.0299147
12.51,111.961421
12.52,111.8929274
12.53,111.8244337
12.54,111.7559401
12.55,111.6874464
12.56,111.6874464
12.57,111.6189528
12.58,111.4819655
12.59,111.4134718
12.6,111.4134718
12.61,111.3449781
12.62,111.2764845
12.63,111.2079908
12.64,111.1394972
12.65,111.0710035
12.66,111.0067907
12.67,110.9382971
12.68,110.9382971
12.69,110.8698034
12.7,110.8013098
12.71,110.8013098
12.72,110.6643225
12.73,110.6643225
12.74,110.5958288
12.75,110.5273352
12.76,110.4588415
12.77,110.4588415
12.78,110.4588415
12.79,110.6643225
12.8,110.8698034
12.81,111.1394972
12.82,111.4134718
12.83,111.6874464
12.84,111.961421
12.85,112.166902
12.86,112.2311148
12.87,112.2996084
12.88,112.2311148
12.89,112.166902
12.9,112.0984083
12.91,111.961421
12.92,111.8244337
12.93,111.6874464
12.94,111.4819655
12.95,111.3449781
12.96,111.1394972
12.97,111.0067907
12.98,110.8013098
12.99,110.6643225
13,110.5958288
13.01,110.3903479
13.02,110.2533606
13.03,110.0478796
13.04,109.8466795
13.05,109.7781858
13.06,109.6411985
13.07,109.5727049
13.08,109.5042112
13.09,109.5042112
13.1,109.4357176
13.11,109.3672239
13.12,109.2987303
13.13,109.2302366
13.14,109.161743
13.15,109.0932493
13.16,109.0247556
13.17,108.8877683
13.18,108.8877683
13.19,108.7550619
13.2,108.6865682
13.21,108.5495809
13.22,108.4810873
13.23,108.4125936
13.24,108.2756063
13.25,108.138619
13.26,108.0701254
13.27,108.0016317
13.28,107.8646444
13.29,107.8646444
13.3,107.7961507
13.31,107.6634443
13.32,107.5949506
13.33,107.526457
13.34,107.4579633
13.35,107.4579633
13.36,107.320976
13.37,107.2524824
13.38,107.2524824
13.39,107.1154951
13.4,107.1154951
13.41,107.0470014
13.42,106.9785078
13.43,106.8415205
13.44,106.7730268
13.45,106.7730268
13.46,106.7045332
13.47,106.6360395
13.48,106.5675458
13.49,106.503333
13.5,106.4348394
13.51,106.3663457
13.52,106.2978521
13.53,106.2293584
13.54,106.2293584
13.55,106.0923711
13.56,106.0238775
13.57,106.0238775
13.58,105.9553838
13.59,105.8868902
13.6,105.8183965
13.61,105.7499029
13.62,105.6814092
13.63,105.6129156
13.64,105.5444219
13.65,105.4759282
13.66,105.4759282
13.67,105.4117154
13.68,105.2062345
13.69,105.2062345
13.7,105.4117154
13.71,105.6129156
13.72,105.8183965
13.73,106.1608648
13.74,106.4348394
13.75,106.7730268
13.76,107.1154951
13.77,107.320976
13.78,107.4579633
13.79,107.526457
13.8,107.526457
13.81,107.526457
13.82,107.4579633
13.83,107.4579633
13.84,107.320976
13.85,107.2524824
13.86,107.1154951
13.87,107.0470014
13.88,107.0470014
13.89,106.9100141
13.9,106.7730268
13.91,106.7730268
13.92,106.7045332
13.93,106.6360395
13.94,106.503333
13.95,106.4348394
13.96,106.2293584
13.97,106.0238775
13.98,105.8868902
13.99,105.6814092
14,105.4759282
14.01,105.2062345
14.02,105.1377408
14.03,105.0007535
14.04,104.9322599
14.05,104.7952726
14.06,104.7267789
14.07,104.5897916
14.08,104.521298
14.09,104.521298
14.1,104.3843107
14.11,104.315817
14.12,104.1831105
14.13,104.0461232
14.14,103.9776296
14.15,103.8406423
14.16,103.703655
14.17,103.6351613
14.18,103.498174
14.19,103.4296804
14.2,103.2926931
14.21,103.2241994
14.22,103.1557057
14.23,103.091493
14.24,102.9545056
14.25,102.886012
14.26,102.8175183
14.27,102.7490247
14.28,102.680531
14.29,102.6120374
14.3,102.4750501
14.31,102.4065564
14.32,102.3380628
14.33,102.2695691
14.34,102.2010755
14.35,102.1325818
14.36,102.0640882
14.37,101.9998754
14.38,101.9313817
14.39,101.862888
14.4,101.7943944
14.41,101.7259007
14.42,101.6574071
14.43,101.5204198
14.44,101.5204198
14.45,101.4519261
14.46,101.3149388
14.47,101.3149388
14.48,101.2464452
14.49,101.1779515
14.5,101.1094579
14.51,101.0409642
14.52,101.0409642
14.53,100.9039769
14.54,100.9039769
14.55,100.8397641
14.56,100.7712705
14.57,100.7027768
14.58,100.6342831
14.59,100.5657895
14.6,100.4972958
14.61,100.4288022
14.62,100.3603085
14.63,100.3603085
14.64,100.3603085
14.65,100.2233212
14.66,100.2918149
14.67,100.4288022
14.68,100.7027768
14.69,101.0409642
14.7,101.3834325
14.71,101.7259007
14.72,102.0640882
14.73,102.3380628
14.74,102.4065564
14.75,102.5435437
14.76,102.680531
14.77,102.680531
14.78,102.680531
14.79,102.7490247
14.8,102.680531
14.81,102.680531
14.82,102.680531
14.83,102.680531
14.84,102.680531
14.85,102.6120374
14.86,102.5435437
14.87,102.4750501
14.88,102.3380628
14.89,102.2695691
14.9,102.1325818
14.91,102.0640882
14.92,101.9313817
14.93,101.7259007
14.94,101.5204198
14.95,101.3149388
14.96,101.1094579
14.97,100.9724706
14.98,100.7712705
14.99,100.5657895
15,100.4288022
15.01,100.3603085
15.02,100.2233212
15.03,100.1548276
15.04,100.0178403
15.05,99.94934661
15.06,99.88085296
15.07,99.81235931
15.08,99.67965286
15.09,99.54266555
15.1,99.4741719
15.11,99.33718459
15.12,99.26869094
15.13,99.20019728
15.14,99.06320998
15.15,98.99471632
15.16,98.85772902
15.17,98.78923536
15.18,98.72074171
15.19,98.58803526
15.2,98.45104795
15.21,98.3825543
15.22,98.31406065
15.23,98.17707334
15.24,98.04008603
15.25,97.97159238
15.26,97.83460508
15.27,97.76611142
15.28,97.69761777
15.29,97.69761777
15.3,97.56063046
15.31,97.49641766
15.32,97.42792401
15.33,97.35943036
15.34,97.22244305
15.35,97.1539494
15.36,97.1539494
15.37,97.01696209
15.38,96.94846844
15.39,96.87997479
15.4,96.81148113
15.41,96.74298748
15.42,96.53750652
15.43,96.53750652
15.44,96.46901287
15.45,96.40051921
15.46,96.33630641
15.47,96.19931911
15.48,96.13082545
15.49,96.13082545
15.5,96.0623318
15.51,95.99383815
15.52,95.85685084
15.53,95.85685084
15.54,95.78835719
15.55,95.71986354
15.56,95.65136988
15.57,95.58287623
15.58,95.51438258
15.59,95.51438258
15.6,95.44588892
15.61,95.30890162
15.62,95.24468882
15.63,95.24468882
15.64,95.17619516
15.65,95.03920786
15.66,95.03920786
15.67,94.97071421
15.68,95.10770151
15.69,95.30890162
15.7,95.65136988
15.71,95.99383815
15.72,96.33630641
15.73,96.81148113
15.74,97.1539494
15.75,97.2909367
15.76,97.42792401
15.77,97.49641766
15.78,97.62912412
15.79,97.69761777
15.8,97.76611142
15.81,97.83460508
15.82,97.83460508
15.83,97.83460508
15.84,97.76611142
15.85,97.69761777
15.86,97.62912412
15.87,97.49641766
15.88,97.42792401
15.89,97.2909367
15.9,97.1539494
15.91,97.08545574
15.92,96.94846844
15.93,96.74298748
15.94,96.40051921
15.95,96.26781276
15.96,96.0623318
15.97,95.85685084
15.98,95.65136988
15.99,95.51438258
16,95.30890162
16.01,95.24468882
16.02,95.10770151
16.03,94.97071421
16.04,94.90222055
16.05,94.76523325
16.06,94.69673959
16.07,94.62824594
16.08,94.55975229
16.09,94.49125863
16.1,94.42276498
16.11,94.35427133
16.12,94.21728402
16.13,94.21728402
16.14,94.14879037
16.15,94.01608392
16.16,93.94759026
16.17,93.81060296
16.18,93.7421093
16.19,93.605122
16.2,93.53662834
16.21,93.39964104
16.22,93.33114738
16.23,93.26265373
16.24,93.12566643
16.25,93.05717277
16.26,92.92446632
16.27,92.85597267
16.28,92.78747901
16.29,92.71898536
16.3,92.58199805
16.31,92.5135044
16.32,92.37651709
16.33,92.30802344
16.34,92.23952979
16.35,92.17103614
16.36,92.03404883
16.37,92.03404883
16.38,91.96555518
16.39,91.83284872
16.4,91.76435507
16.41,91.76435507
16.42,91.62736776
16.43,91.55887411
16.44,91.49038046
16.45,91.4218868
16.46,91.4218868
16.47,91.2848995
16.48,91.2848995
16.49,91.21640585
16.5,91.14791219
16.51,91.07941854
16.52,91.01092489
16.53,90.94243123
16.54,90.94243123
16.55,90.87393758
16.56,90.80544393
16.57,90.74123113
16.58,90.67273747
16.59,90.60424382
16.6,90.53575017
16.61,90.46725651
16.62,90.46725651
16.63,90.39876286
16.64,90.33026921
16.65,90.26177556
16.66,90.33026921
16.67,90.39876286
16.68,90.60424382
16.69,90.94243123
16.7,91.2848995
16.71,91.62736776
16.72,91.96555518
16.73,92.23952979
16.74,92.37651709
16.75,92.5135044
16.76,92.58199805
16.77,92.78747901
16.78,92.78747901
16.79,92.85597267
16.8,92.85597267
16.81,92.78747901
16.82,92.71898536
16.83,92.58199805
16.84,92.44501075
16.85,92.37651709
16.86,92.23952979
16.87,92.03404883
16.88,91.89706152
16.89,91.76435507
16.9,91.62736776
16.91,91.4218868
16.92,91.21640585
16.93,91.01092489
16.94,90.80544393
16.95,90.60424382
16.96,90.46725651
16.97,90.26177556
16.98,90.12478825
16.99,90.0562946
17,89.91930729
17.01,89.85081364
17.02,89.78231998
17.03,89.71382633
17.04,89.64533268
17.05,89.58111988
17.06,89.58111988
17.07,89.51262622
17.08,89.51262622
17.09,89.37563892
17.1,89.30714527
17.11,89.23865161
17.12,89.23865161
17.13,89.10166431
17.14,89.03317065
17.15,88.964677
17.16,88.964677
17.17,88.82768969
17.18,88.82768969
17.19,88.75919604
17.2,88.69070239
17.21,88.55371508
17.22,88.48950228
17.23,88.42100863
17.24,88.28402132
17.25,88.14703402
17.26,88.14703402
17.27,88.01004671
17.28,87.94155306
17.29,87.66757844
17.3,87.59908479
17.31,87.46209749
17.32,87.39360383
17.33,87.32939103
17.34,87.19240373
17.35,87.12391007
17.36,87.05541642
17.37,86.91842911
17.38,86.84993546
17.39,86.84993546
17.4,86.78144181
17.41,86.71294815
17.42,86.6444545
17.43,86.57596085
17.44,86.5074672
17.45,86.43897354
17.46,86.37047989
17.47,86.30198624
17.48,86.23777344
17.49,86.16927978
17.5,86.16927978
17.51,86.10078613
17.52,86.03229248
17.53,85.96379882
17.54,85.96379882
17.55,85.89530517
17.56,85.96379882
17.57,86.16927978
17.58,86.5074672
17.59,86.84993546
17.6,87.19240373
17.61,87.59908479
17.62,88.07854036
17.63,88.21552767
17.64,88.35251498
17.65,88.48950228
17.66,88.62220873
17.67,88.69070239
17.68,88.69070239
17.69,88.55371508
17.7,88.55371508
17.71,88.42100863
17.72,88.35251498
17.73,88.28402132
17.74,88.21552767
17.75,88.07854036
17.76,88.01004671
17.77,87.66757844
17.78,87.46209749
17.79,87.32939103
17.8,87.19240373
17.81,86.98692277
17.82,86.84993546
17.83,86.57596085
17.84,86.37047989
17.85,86.23777344
17.86,86.03229248
17.87,85.96379882
17.88,85.75831786
17.89,85.68982421
17.9,85.62133056
17.91,85.55283691
17.92,85.48434325
17.93,85.48434325
17.94,85.4158496
17.95,85.34735595
17.96,85.34735595
17.97,85.27886229
17.98,85.27886229
17.99,85.21036864
18,85.14187499
18.01,85.07766219
18.02,85.07766219
18.03,85.00916853
18.04,84.94067488
18.05,84.87218123
18.06,84.80368757
18.07,84.66670027
18.08,84.66670027
18.09,84.59820662
18.1,84.52971296
18.11,84.39272566
18.12,84.324232
18.13,84.1872447
18.14,84.11875104
18.15,84.05025739
18.16,83.98604459
18.17,83.84905728
18.18,83.78056363
18.19,83.64357633
18.2,83.57508267
18.21,83.50658902
18.22,83.43809537
18.23,83.30110806
18.24,83.16412075
18.25,83.0956271
18.26,82.95863979
18.27,82.89014614
18.28,82.82593334
18.29,82.68894604
18.3,82.62045238
18.31,82.55195873
18.32,82.48346508
18.33,82.48346508
18.34,82.41497142
18.35,82.34647777
18.36,82.27798412
18.37,82.20949046
18.38,82.14099681
18.39,82.07250316
18.4,82.0040095
18.41,82.0040095
18.42,81.93551585
18.43,82.0040095
18.44,82.20949046
18.45,82.48346508
18.46,82.95863979
18.47,83.36960171
18.48,83.78056363
18.49,84.05025739
18.5,84.25573835
18.51,84.39272566
18.52,84.52971296
18.53,84.59820662
18.54,84.59820662
18.55,84.59820662
18.56,84.59820662
18.57,84.52971296
18.58,84.46121931
18.59,84.39272566
18.6,84.324232
18.61,84.1872447
18.62,84.11875104
18.63,83.98604459
18.64,83.91755094
18.65,83.78056363
18.66,83.64357633
18.67,83.57508267
18.68,83.43809537
18.69,83.23261441
18.7,83.02713345
18.71,82.89014614
18.72,82.68894604
18.73,82.55195873
18.74,82.41497142
18.75,82.27798412
18.76,82.20949046
18.77,82.07250316
18.78,82.0040095
18.79,81.93551585
18.8,81.8670222
18.81,81.8670222
18.82,81.79852855
18.83,81.79852855
18.84,81.79852855
18.85,81.73431575
18.86,81.66582209
18.87,81.59732844
18.88,81.59732844
18.89,81.52883479
18.9,81.46034113
18.91,81.39184748
18.92,81.32335383
18.93,81.25486017
18.94,81.25486017
18.95,81.11787287
18.96,81.04937921
18.97,80.98088556
18.98,80.91239191
18.99,80.84389826
19,80.7754046
19.01,80.70691095
19.02,80.5742045
19.03,80.50571084
19.04,80.36872354
19.05,80.30022988
19.06,80.23173623
19.07,80.16324258
19.08,80.02625527
19.09,79.95776162
19.1,79.82077431
19.11,79.75228066
19.12,79.68378701
19.13,79.61529335
19.14,79.4825869
19.15,79.41409325
19.16,79.27710594
19.17,79.14011864
19.18,79.00313133
19.19,78.93463768
19.2,78.79765037
19.21,78.72915672
19.22,78.66066306
19.23,78.59216941
19.24,78.59216941
19.25,78.52367576
19.26,78.52367576
19.27,78.52367576
19.28,78.4551821
19.29,78.4551821
19.3,78.38668845
19.31,78.38668845
19.32,78.38668845
19.33,78.32247565
19.34,78.32247565
19.35,78.4551821
19.36,78.72915672
19.37,79.14011864
19.38,79.61529335
19.39,80.09474893
19.4,80.43721719
19.41,80.6384173
19.42,80.70691095
19.43,80.84389826
19.44,80.98088556
19.45,80.98088556
19.46,80.98088556
19.47,80.91239191
19.48,80.84389826
19.49,80.84389826
19.5,80.70691095
19.51,80.6384173
19.52,80.50571084
19.53,80.50571084
19.54,80.30022988
19.55,80.23173623
19.56,80.09474893
19.57,80.02625527
19.58,79.88926797
19.59,79.75228066
19.6,79.61529335
19.61,79.41409325
19.62,79.20861229
19.63,78.93463768
19.64,78.86614402
19.65,78.66066306
19.66,78.66066306
19.67,78.59216941
19.68,78.52367576
19.69,78.4551821
19.7,78.38668845
19.71,78.32247565
19.72,78.32247565
19.73,78.32247565
19.74,78.32247565
19.75,78.253982
19.76,78.253982
19.77,78.18548835
19.78,78.18548835
19.79,78.11699469
19.8,78.04850104
19.81,77.98000739
19.82,77.91151373
19.83,77.84302008
19.84,77.77452643
19.85,77.77452643
19.86,77.63753912
19.87,77.56904547
19.88,77.50055181
19.89,77.36356451
19.9,77.29507085
19.91,77.23085806
19.92,77.09387075
19.93,77.0253771
19.94,76.95688344
19.95,76.81989614
19.96,76.75140248
19.97,76.68290883
19.98,76.54592152
19.99,76.47742787
20,76.34044057
20.01,76.20345326
20.02,76.13495961
20.03,76.00225315
20.04,75.86526585
20.05,75.79677219
20.06,75.72827854
20.07,75.65978489
20.08,75.52279758
20.09,75.38581028
20.1,75.31731662
20.11,75.31731662
20.12,75.18032932
20.13,75.11183566
20.14,75.04334201
20.15,74.91063556
20.16,74.8421419
20.17,74.77364825
20.18,74.77364825
20.19,74.77364825
20.2,74.8421419
20.21,75.11183566
20.22,75.52279758
20.23,75.9337595
20.24,76.20345326
20.25,76.40893422
20.26,76.54592152
20.27,76.68290883
20.28,76.75140248
20.29,76.75140248
20.3,76.81989614
20.31,76.75140248
20.32,76.75140248
20.33,76.68290883
20.34,76.61441518
20.35,76.54592152
20.36,76.47742787
20.37,76.40893422
20.38,76.34044057
20.39,76.20345326
20.4,76.13495961
20.41,76.00225315
20.42,75.9337595
20.43,75.79677219
20.44,75.65978489
20.45,75.52279758
20.46,75.31731662
20.47,75.18032932
20.48,75.04334201
20.49,74.91063556
20.5,74.8421419
20.51,74.77364825
20.52,74.7051546
20.53,74.56816729
20.54,74.56816729
20.55,74.49967364
20.56,74.49967364
20.57,74.43117999
20.58,74.43117999
20.59,74.36268633
20.6,74.29419268
20.61,74.29419268
20.62,74.29419268
20.63,74.22569903
20.64,74.22569903
20.65,74.15720537
20.66,74.08871172
20.67,74.02021807
20.68,73.95172441
20.69,73.95172441
20.7,73.95172441
20.71,73.88323076
20.72,73.81901796
20.73,73.75052431
20.74,73.75052431
20.75,73.68203065
20.76,73.613537
20.77,73.54504335
20.78,73.40805604
20.79,73.40805604
20.8,73.27106874
20.81,73.20257508
20.82,73.20257508
20.83,73.13408143
20.84,73.06558778
20.85,72.99709412
20.86,72.92860047
20.87,72.86010682
20.88,72.79161316
20.89,72.72740036
20.9,72.65890671
20.91,72.59041306
20.92,72.52191941
20.93,72.45342575
20.94,72.3849321
20.95,72.31643845
20.96,72.24794479
20.97,72.17945114
20.98,72.11095749
20.99,72.04246383
21,71.97397018
21.01,71.90547653
21.02,71.83698287
21.03,71.83698287
21.04,71.90547653
21.05,72.17945114
21.06,72.52191941
21.07,72.86010682
21.08,73.06558778
21.09,73.27106874
21.1,73.33956239
21.11,73.4765497
21.12,73.54504335
21.13,73.54504335
21.14,73.54504335
21.15,73.54504335
21.16,73.4765497
21.17,73.4765497
21.18,73.40805604
21.19,73.40805604
21.2,73.40805604
21.21,73.33956239
21.22,73.27106874
21.23,73.20257508
21.24,73.20257508
21.25,73.13408143
21.26,73.06558778
21.27,72.99709412
21.28,72.86010682
21.29,72.79161316
21.3,72.72740036
21.31,72.59041306
21.32,72.59041306
21.33,72.52191941
21.34,72.52191941
21.35,72.45342575
21.36,72.45342575
21.37,72.45342575
21.38,72.45342575
21.39,72.45342575
21.4,72.3849321
21.41,72.3849321
21.42,72.3849321
21.43,72.31643845
21.44,72.31643845
21.45,72.24794479
21.46,72.11095749
21.47,72.11095749
21.48,72.04246383
21.49,71.97397018
21.5,71.90547653
21.51,71.83698287
21.52,71.76848922
21.53,71.69999557
21.54,71.63150192
21.55,71.56728912
21.56,71.49879546
21.57,71.43030181
21.58,71.2933145
21.59,71.22482085
21.6,71.1563272
21.61,71.08783354
21.62,71.01933989
21.63,70.95084624
21.64,70.88235258
21.65,70.81385893
21.66,70.74536528
21.67,70.67687163
21.68,70.60837797
21.69,70.47567152
21.7,70.40717787
21.71,70.40717787
21.72,70.33868421
21.73,70.27019056
21.74,70.20169691
21.75,70.13320325
21.76,70.0647096
21.77,69.99621595
21.78,69.92772229
21.79,69.85922864
21.8,69.79073499
21.81,69.72224134
21.82,69.65374768
21.83,69.58525403
21.84,69.58525403
21.85,69.58525403
21.86,69.65374768
21.87,69.99621595
21.88,70.20169691
21.89,70.40717787
21.9,70.53988432
21.91,70.67687163
21.92,70.67687163
21.93,70.74536528
21.94,70.67687163
21.95,70.67687163
21.96,70.67687163
21.97,70.67687163
21.98,70.53988432
21.99,70.53988432
22,70.47567152
22.01,70.40717787
22.02,70.33868421
22.03,70.27019056
22.04,70.20169691
22.05,70.13320325
22.06,69.99621595
22.07,69.92772229
22.08,69.79073499
22.09,69.65374768
22.1,69.51676038
22.11,69.37977307
22.12,69.24706662
22.13,69.11007931
22.14,69.11007931
22.15,68.973092
22.16,68.90459835
22.17,68.8361047
22.18,68.76761105
22.19,68.76761105
22.2,68.69911739
22.21,68.69911739
22.22,68.69911739
22.23,68.63062374
22.24,68.56213009
22.25,68.56213009
22.26,68.49363643
22.27,68.42514278
22.28,68.42514278
22.29,68.35664913
22.3,68.35664913
22.31,68.28815547
22.32,68.28815547
22.33,68.21966182
22.34,68.21966182
22.35,68.08695537
22.36,68.08695537
22.37,68.01846171
22.38,67.94996806
22.39,67.88147441
22.4,67.7444871
22.41,67.7444871
22.42,67.67599345
22.43,67.6074998
22.44,67.53900614
22.45,67.47051249
22.46,67.40201884
22.47,67.33352518
22.48,67.26503153
22.49,67.19653788
22.5,67.12804422
22.51,67.06383142
22.52,66.99533777
22.53,66.92684412
22.54,66.92684412
22.55,66.85835047
22.56,66.78985681
22.57,66.72136316
22.58,66.65286951
22.59,66.58437585
22.6,66.58437585
22.61,66.5158822
22.62,66.37889489
22.63,66.31040124
22.64,66.31040124
22.65,66.31040124
22.66,66.17341393
22.67,66.10492028
22.68,66.10492028
22.69,66.03642663
22.7,66.03642663
22.71,65.96793298
22.72,65.90372018
22.73,65.83522652
22.74,65.83522652
22.75,65.90372018
22.76,66.10492028
22.77,66.37889489
22.78,66.65286951
22.79,66.78985681
22.8,66.92684412
22.81,66.99533777
22.82,67.12804422
22.83,67.12804422
22.84,67.12804422
22.85,67.12804422
22.86,67.12804422
22.87,67.06383142
22.88,67.06383142
22.89,66.99533777
22.9,66.92684412
22.91,66.85835047
22.92,66.85835047
22.93,66.78985681
22.94,66.65286951
22.95,66.58437585
22.96,66.58437585
22.97,66.5158822
22.98,66.44738855
22.99,66.31040124
23,66.17341393
23.01,66.10492028
23.02,65.96793298
23.03,65.83522652
23.04,65.76673287
23.05,65.76673287
23.06,65.62974556
23.07,65.62974556
23.08,65.56125191
23.09,65.49275826
23.1,65.4242646
23.11,65.4242646
23.12,65.4242646
23.13,65.35577095
23.14,65.35577095
23.15,65.2872773
23.16,65.2872773
23.17,65.21878364
23.18,65.21878364
23.19,65.15028999
23.2,65.08179634
23.21,65.08179634
23.22,65.01330269
23.23,64.94480903
23.24,64.94480903
23.25,64.87631538
23.26,64.81210258
23.27,64.74360893
23.28,64.67511527
23.29,64.67511527
23.3,64.53812797
23.31,64.53812797
23.32,64.46963431
23.33,64.40114066
23.34,64.40114066
23.35,64.33264701
23.36,64.1956597
23.37,64.1956597
23.38,64.12716605
23.39,64.0586724
23.4,63.99017874
23.41,63.92168509
23.42,63.85319144
23.43,63.85319144
23.44,63.78469778
23.45,63.65199133
23.46,63.65199133
23.47,63.58349768
23.48,63.58349768
23.49,63.44651037
23.5,63.44651037
23.51,63.37801672
23.52,63.37801672
23.53,63.30952306
23.54,63.24102941
23.55,63.17253576
23.56,63.10404211
23.57,63.10404211
23.58,63.03554845
23.59,63.03554845
23.6,62.9670548
23.61,62.89856115
23.62,62.89856115
23.63,62.83006749
23.64,62.76157384
23.65,62.69308019
23.66,62.69308019
23.67,62.62458653
23.68,62.56037373
23.69,62.49188008
23.7,62.49188008
23.71,62.42338643
23.72,62.35489278
23.73,62.28639912
23.74,62.28639912
23.75,62.21790547
23.76,62.21790547
23.77,62.28639912
23.78,62.49188008
23.79,62.76157384
23.8,62.9670548
23.81,63.10404211
23.82,63.24102941
23.83,63.37801672
23.84,63.37801672
23.85,63.44651037
23.86,63.44651037
23.87,63.37801672
23.88,63.37801672
23.89,63.30952306
23.9,63.30952306
23.91,63.24102941
23.92,63.17253576
23.93,63.17253576
23.94,63.03554845
23.95,63.03554845
23.96,62.89856115
23.97,62.83006749
23.98,62.76157384
23.99,62.69308019
24,62.62458653
24.01,62.56037373
24.02,62.42338643
24.03,62.35489278
24.04,62.21790547
24.05,62.14941182
24.06,62.01242451
24.07,62.01242451
24.08,61.94393086
24.09,61.8754372
24.1,61.80694355
24.11,61.7384499
24.12,61.60146259
24.13,61.7384499
24.14,61.60146259
24.15,61.60146259
24.16,61.60146259
24.17,61.53296894
24.18,61.46447528
24.19,61.46447528
24.2,61.46447528
24.21,61.40026249
24.22,61.40026249
24.23,61.26327518
24.24,61.19478153
24.25,61.19478153
24.26,61.12628787
24.27,61.12628787
24.28,61.05779422
24.29,60.98930057
24.3,60.92080691
24.31,60.92080691
24.32,60.85231326
24.33,60.78381961
24.34,60.71532595
24.35,60.6468323
24.36,60.57833865
24.37,60.50984499
24.38,60.44135134
24.39,60.37285769
24.4,60.37285769
24.41,60.30864489
24.42,60.17165758
24.43,60.17165758
24.44,60.10316393
24.45,60.10316393
24.46,60.03467028
24.47,60.03467028
24.48,59.96617662
24.49,59.96617662
24.5,59.82918932
24.51,59.82918932
24.52,59.76069566
24.53,59.69220201
24.54,59.69220201
24.55,59.69220201
24.56,59.62370836
24.57,59.5552147
24.58,59.5552147
24.59,59.5552147
24.6,59.5552147
24.61,59.48672105
24.62,59.4182274
24.63,59.4182274
24.64,59.28124009
24.65,59.28124009
24.66,59.21274644
24.67,59.14853364
24.68,59.08003999
24.69,59.01154633
24.7,59.01154633
24.71,59.01154633
24.72,58.94305268
24.73,58.87455903
24.74,58.87455903
24.75,58.87455903
24.76,58.80606537
24.77,58.73757172
24.78,58.66907807
24.79,58.66907807
24.8,58.80606537
24.81,59.01154633
24.82,59.21274644
24.83,59.34973375
24.84,59.48672105
24.85,59.5552147
24.86,59.62370836
24.87,59.69220201
24.88,59.76069566
24.89,59.69220201
24.9,59.69220201
24.91,59.62370836
24.92,59.62370836
24.93,59.5552147
24.94,59.5552147
24.95,59.48672105
24.96,59.4182274
24.97,59.34973375
24.98,59.28124009
24.99,59.21274644
25,59.08003999
25.01,59.01154633
25.02,58.94305268
25.03,58.80606537
25.04,58.73757172
25.05,58.66907807
25.06,58.46359711
25.07,58.39510346
25.08,58.3266098
25.09,58.1896225
25.1,58.1896225
25.11,58.12112884
25.12,58.05691604
25.13,57.98842239
25.14,57.98842239
25.15,57.91992874
25.16,57.91992874
25.17,57.85143508
25.18,57.85143508
25.19,57.85143508
25.2,57.78294143
25.21,57.71444778
25.22,57.64595413
25.23,57.64595413
25.24,57.57746047
25.25,57.57746047
25.26,57.50896682
25.27,57.44047317
25.28,57.37197951
25.29,57.30348586
25.3,57.30348586
25.31,57.23499221
25.32,57.16649855
25.33,57.0980049
25.34,57.02951125
25.35,56.96101759
25.36,56.89680479
25.37,56.82831114
25.38,56.75981749
25.39,56.69132384
25.4,56.62283018
25.41,56.55433653
25.42,56.48584288
25.43,56.41734922
25.44,56.34885557
25.45,56.28036192
25.46,56.28036192
25.47,56.21186826
25.48,56.21186826
25.49,56.14337461
25.5,56.14337461
25.51,56.07488096
25.52,56.0063873
25.53,56.0063873
25.54,55.93789365
25.55,55.8694
25.56,55.8051872
25.57,55.8051872
25.58,55.73669355
25.59,55.66819989
25.6,55.66819989
25.61,55.66819989
25.62,55.59970624
25.63,55.53121259
25.64,55.46271893
25.65,55.39422528
25.66,55.39422528
25.67,55.39422528
25.68,55.32573163
25.69,55.25723797
25.7,55.25723797
25.71,55.18874432
25.72,55.18874432
25.73,55.12025067
25.74,55.05175701
25.75,55.05175701
25.76,54.91476971
25.77,54.91476971
25.78,54.91476971
25.79,54.91476971
25.8,54.7777824
25.81,54.7777824
25.82,54.70928875
25.83,54.70928875
25.84,54.91476971
25.85,55.12025067
25.86,55.32573163
25.87,55.39422528
25.88,55.46271893
25.89,55.53121259
25.9,55.59970624
25.91,55.66819989
25.92,55.59970624
25.93,55.59970624
25.94,55.59970624
25.95,55.53121259
25.96,55.46271893
25.97,55.39422528
25.98,55.39422528
25.99,55.25723797
26,55.18874432
26.01,55.12025067
26.02,55.05175701
26.03,54.98326336
26.04,54.91476971
26.05,54.84627606
26.06,54.7777824
26.07,54.70928875
26.08,54.64507595
26.09,54.50808864
26.1,54.37110134
26.11,54.30260768
26.12,54.23411403
26.13,54.16562038
26.14,54.09712672
26.15,54.09712672
26.16,54.02863307
26.17,54.02863307
26.18,54.02863307
26.19,53.96013942
26.2,53.96013942
26.21,53.96013942
26.22,53.96013942
26.23,53.89164577
26.24,53.82315211
26.25,53.82315211
26.26,53.75465846
26.27,53.75465846
26.28,53.75465846
26.29,53.68616481
26.3,53.61767115
26.31,53.55345835
26.32,53.55345835
26.33,53.4849647
26.34,53.41647105
26.35,53.41647105
26.36,53.34797739
26.37,53.27948374
26.38,53.21099009
26.39,53.21099009
26.4,53.14249643
26.41,53.07400278
26.42,53.00550913
26.43,52.86852182
26.44,52.73153452
26.45,52.66304086
26.46,52.66304086
26.47,52.59454721
26.48,52.52605356
26.49,52.4575599
26.5,52.4575599
26.51,52.3933471
26.52,52.32485345
26.53,52.18786614
26.54,52.18786614
26.55,52.11937249
26.56,52.11937249
26.57,51.98238519
26.58,51.98238519
26.59,51.91389153
26.6,51.91389153
26.61,51.84539788
26.62,51.77690423
26.63,51.70841057
26.64,51.63991692
26.65,51.63991692
26.66,51.63991692
26.67,51.57142327
26.68,51.50292961
26.69,51.50292961
26.7,51.43443596
26.71,51.36594231
26.72,51.30172951
26.73,51.30172951
26.74,51.30172951
26.75,51.23323585
26.76,51.1647422
26.77,51.09624855
26.78,51.09624855
26.79,51.0277549
26.8,51.0277549
26.81,50.95926124
26.82,50.89076759
26.83,50.89076759
26.84,50.82227394
26.85,50.89076759
26.86,51.0277549
26.87,51.23323585
26.88,51.36594231
26.89,51.50292961
26.9,51.57142327
26.91,51.63991692
26.92,51.63991692
26.93,51.63991692
26.94,51.70841057
26.95,51.63991692
26.96,51.63991692
26.97,51.63991692
26.98,51.57142327
26.99,51.50292961
27,51.43443596
27.01,51.36594231
27.02,51.30172951
27.03,51.23323585
27.04,51.1647422
27.05,51.09624855
27.06,51.0277549
27.07,50.95926124
27.08,50.89076759
27.09,50.82227394
27.1,50.75378028
27.11,50.68528663
27.12,50.61679298
27.13,50.54829932
27.14,50.41131202
27.15,50.34281836
27.16,50.34281836
27.17,50.27432471
27.18,50.27432471
27.19,50.20583106
27.2,50.20583106
27.21,50.20583106
27.22,50.20583106
27.23,50.14161826
27.24,50.14161826
27.25,50.14161826
27.26,50.07312461
27.27,50.07312461
27.28,50.00463095
27.29,49.9361373
27.3,49.9361373
27.31,49.86764365
27.32,49.79914999
27.33,49.73065634
27.34,49.73065634
27.35,49.66216269
27.36,49.66216269
27.37,49.52517538
27.38,49.52517538
27.39,49.45668173
27.4,49.38818807
27.41,49.38818807
27.42,49.31969442
27.43,49.25120077
27.44,49.18270712
27.45,49.11421346
27.46,49.05000066
27.47,49.05000066
27.48,48.91301336
27.49,48.91301336
27.5,48.8445197
27.51,48.77602605
27.52,48.7075324
27.53,48.7075324
27.54,48.63903874
27.55,48.57054509
27.56,48.57054509
27.57,48.50205144
27.58,48.43355778
27.59,48.36506413
27.6,48.36506413
27.61,48.29657048
27.62,48.29657048
27.63,48.22807683
27.64,48.15958317
27.65,48.15958317
27.66,48.09108952
27.67,48.09108952
27.68,48.09108952
27.69,48.02259587
27.7,48.02259587
27.71,47.95410221
27.72,47.95410221
27.73,47.88988941
27.74,47.82139576
27.75,47.82139576
27.76,47.75290211
27.77,47.75290211
27.78,47.68440845
27.79,47.6159148
27.8,47.6159148
27.81,47.6159148
27.82,47.54742115
27.83,47.54742115
27.84,47.6159148
27.85,47.75290211
27.86,47.95410221
27.87,48.02259587
27.88,48.15958317
27.89,48.15958317
27.9,48.29657048
27.91,48.29657048
27.92,48.36506413
27.93,48.36506413
27.94,48.36506413
27.95,48.29657048
27.96,48.22807683
27.97,48.15958317
27.98,48.15958317
27.99,48.09108952
28,48.02259587
28.01,47.95410221
28.02,47.82139576
28.03,47.82139576
28.04,47.75290211
28.05,47.6159148
28.06,47.54742115
28.07,47.54742115
28.08,47.41043384
28.09,47.34194019
28.1,47.27344654
28.11,47.20495288
28.12,47.06796558
28.13,46.99947192
28.14,46.93097827
28.15,46.93097827
28.16,46.86248462
28.17,46.86248462
28.18,46.79827182
28.19,46.72977816
28.2,46.72977816
28.21,46.66128451
28.22,46.72977816
28.23,46.66128451
28.24,46.66128451
28.25,46.66128451
28.26,46.59279086
28.27,46.5242972
28.28,46.5242972
28.29,46.45580355
28.3,46.3873099
28.31,46.3873099
28.32,46.31881625
28.33,46.31881625
28.34,46.25032259
28.35,46.18182894
28.36,46.18182894
28.37,46.11333529
28.38,46.04484163
28.39,45.97634798
28.4,45.90785433
28.41,45.90785433
28.42,45.83936067
28.43,45.83936067
28.44,45.77086702
28.45,45.63816057
28.46,45.63816057
28.47,45.56966691
28.48,45.56966691
28.49,45.50117326
28.5,45.43267961
28.51,45.36418596
28.52,45.2956923
28.53,45.2956923
28.54,45.22719865
28.55,45.22719865
28.56,45.09021134
28.57,45.09021134
28.58,45.09021134
28.59,45.02171769
28.6,45.02171769
28.61,44.88473038
28.62,44.88473038
28.63,44.81623673
28.64,44.74774308
28.65,44.74774308
28.66,44.67924942
28.67,44.67924942
28.68,44.67924942
28.69,44.61075577
28.7,44.54654297
28.71,44.47804932
28.72,44.47804932
28.73,44.47804932
28.74,44.40955567
28.75,44.34106201
28.76,44.34106201
28.77,44.40955567
28.78,44.54654297
28.79,44.67924942
28.8,44.74774308
28.81,44.81623673
28.82,44.81623673
28.83,44.88473038
28.84,44.95322404
28.85,44.88473038
28.86,44.88473038
28.87,44.88473038
28.88,44.81623673
28.89,44.74774308
28.9,44.74774308
28.91,44.67924942
28.92,44.54654297
28.93,44.54654297
28.94,44.47804932
28.95,44.40955567
28.96,44.34106201
28.97,44.13558105
28.98,44.0670874
28.99,43.99859375
29,43.93010009
29.01,43.86160644
29.02,43.79311279
29.03,43.72461913
29.04,43.65612548
29.05,43.58763183
29.06,43.58763183
29.07,43.51913818
29.08,43.45064452
29.09,43.38643172
29.1,43.38643172
29.11,43.38643172
29.12,43.38643172
29.13,43.31793807
29.14,43.31793807
29.15,43.31793807
29.16,43.24944442
29.17,43.24944442
29.18,43.18095076
29.19,43.18095076
29.2,43.18095076
29.21,43.11245711
29.22,43.04396346
29.23,43.04396346
29.24,42.9754698
29.25,42.9754698
29.26,42.90697615
29.27,42.90697615
29.28,42.8384825
29.29,42.76998884
29.3,42.70149519
29.31,42.63300154
29.32,42.63300154
29.33,42.63300154
29.34,42.56450789
29.35,42.49601423
29.36,42.42752058
29.37,42.42752058
29.38,42.35902693
29.39,42.29481413
29.4,42.29481413
29.41,42.22632047
29.42,42.15782682
29.43,42.08933317
29.44,42.08933317
29.45,42.08933317
29.46,42.02083951
29.47,41.95234586
29.48,41.95234586
29.49,41.88385221
29.5,41.81535855
29.51,41.81535855
29.52,41.7468649
29.53,41.7468649
29.54,41.67837125
29.55,41.67837125
29.56,41.6098776
29.57,41.6098776
29.58,41.6098776
29.59,41.67837125
29.6,41.81535855
29.61,41.95234586
29.62,42.02083951
29.63,42.08933317
29.64,42.08933317
29.65,42.08933317
29.66,42.15782682
29.67,42.15782682
29.68,42.15782682
29.69,42.08933317
29.7,42.08933317
29.71,42.08933317
29.72,42.02083951
29.73,41.95234586
29.74,41.88385221
29.75,41.81535855
29.76,41.81535855
29.77,41.7468649
29.78,41.6098776
29.79,41.54138394
29.8,41.54138394
29.81,41.47289029
29.82,41.40439664
29.83,41.33590298
29.84,41.26740933
29.85,41.19891568
29.86,41.19891568
29.87,41.13470288
29.88,41.06620922
29.89,40.99771557
29.9,40.99771557
29.91,40.99771557
29.92,40.92922192
29.93,40.92922192
29.94,40.86072827
29.95,40.86072827
29.96,40.86072827
29.97,40.86072827
29.98,40.86072827
29.99,40.72374096
30,40.72374096
30.01,40.72374096
30.02,40.65524731
30.03,40.65524731
30.04,40.51826
30.05,40.51826
30.06,40.44976635
30.07,40.38127269
30.08,40.38127269
30.09,40.38127269
30.1,40.31277904
30.11,40.31277904
30.12,40.24428539
30.13,40.10729808
30.14,40.10729808
30.15,40.10729808
30.16,40.04308528
30.17,39.97459163
30.18,39.90609798
30.19,39.90609798
30.2,39.83760432
30.21,39.83760432
30.22,39.76911067
30.23,39.76911067
30.24,39.70061702
30.25,39.63212336
30.26,39.63212336
30.27,39.56362971
30.28,39.56362971
30.29,39.49513606
30.3,39.4266424
30.31,39.35814875
30.32,39.35814875
30.33,39.35814875
30.34,39.2896551
30.35,39.22116144
30.36,39.15266779
30.37,39.08417414
30.38,39.08417414
30.39,39.01568048
30.4,39.01568048
30.41,39.01568048
30.42,39.15266779
30.43,39.2896551
30.44,39.35814875
30.45,39.4266424
30.46,39.49513606
30.47,39.56362971
30.48,39.56362971
30.49,39.56362971
30.5,39.63212336
30.51,39.56362971
30.52,39.56362971
30.53,39.4266424
30.54,39.4266424
30.55,39.35814875
30.56,39.35814875
30.57,39.35814875
30.58,39.2896551
30.59,39.22116144
30.6,39.22116144
30.61,39.15266779
30.62,39.08417414
30.63,39.01568048
30.64,39.01568048
30.65,38.94718683
30.66,38.88297403
30.67,38.81448038
30.68,38.81448038
30.69,38.74598673
30.7,38.67749307
30.71,38.60899942
30.72,38.54050577
30.73,38.54050577
30.74,38.54050577
30.75,38.54050577
30.76,38.47201211
30.77,38.47201211
30.78,38.40351846
30.79,38.40351846
30.8,38.33502481
30.81,38.33502481
30.82,38.33502481
30.83,38.33502481
30.84,38.26653115
30.85,38.26653115
30.86,38.1980375
30.87,38.1980375
30.88,38.1980375
30.89,38.12954385
30.9,38.12954385
30.91,37.99255654
30.92,37.99255654
30.93,37.99255654
30.94,37.92406289
30.95,37.92406289
30.96,37.85556924
30.97,37.79135644
30.98,37.79135644
30.99,37.72286278
31,37.65436913
31.01,37.65436913
31.02,37.58587548
31.03,37.58587548
31.04,37.51738182
31.05,37.51738182
31.06,37.44888817
31.07,37.44888817
31.08,37.38039452
31.09,37.31190086
31.1,37.31190086
31.11,37.24340721
31.12,37.17491356
31.13,37.17491356
31.14,37.10641991
31.15,37.10641991
31.16,37.03792625
31.17,37.03792625
31.18,36.9694326
31.19,36.90093895
31.2,36.90093895
31.21,36.83244529
31.22,36.83244529
31.23,36.83244529
31.24,36.76395164
31.25,36.69545799
31.26,36.69545799
31.27,36.69545799
31.28,36.63124519
31.29,36.69545799
31.3,36.83244529
31.31,36.90093895
31.32,36.9694326
31.33,37.03792625
31.34,37.03792625
31.35,37.10641991
31.36,37.10641991
31.37,37.10641991
31.38,37.10641991
31.39,37.03792625
31.4,37.03792625
31.41,36.9694326
31.42,36.90093895
31.43,36.83244529
31.44,36.83244529
31.45,36.83244529
31.46,36.76395164
31.47,36.69545799
31.48,36.63124519
31.49,36.63124519
31.5,36.56275153
31.51,36.56275153
31.52,36.49425788
31.53,36.42576423
31.54,36.35727057
31.55,36.35727057
31.56,36.28877692
31.57,36.22028327
31.58,36.15178962
31.59,36.15178962
31.6,36.08329596
31.61,36.08329596
31.62,36.01480231
31.63,36.01480231
31.64,36.01480231
31.65,35.94630866
31.66,35.94630866
31.67,35.94630866
31.68,35.877815
31.69,35.80932135
31.7,35.80932135
31.71,35.7408277
31.72,35.7408277
31.73,35.7408277
31.74,35.67233404
31.75,35.60384039
31.76,35.60384039
31.77,35.53962759
31.78,35.33414663
31.79,35.33414663
31.8,35.26565298
31.81,35.26565298
31.82,35.19715933
31.83,35.19715933
31.84,35.12866567
31.85,35.06017202
31.86,35.06017202
31.87,34.99167837
31.88,34.92318471
31.89,34.85469106
31.9,34.85469106
31.91,34.85469106
31.92,34.78619741
31.93,34.71770375
31.94,34.71770375
31.95,34.71770375
31.96,34.6492101
31.97,34.58071645
31.98,34.51222279
31.99,34.51222279
32,34.44372914
32.01,34.44372914
32.02,34.37951634
32.03,34.37951634
32.04,34.31102269
32.05,34.31102269
32.06,34.24252904
32.07,34.17403538
32.08,34.17403538
32.09,34.10554173
32.1,34.10554173
32.11,34.03704808
32.12,33.96855442
32.13,33.96855442
32.14,33.90006077
32.15,33.83156712
32.16,33.83156712
32.17,33.83156712
32.18,33.83156712
32.19,33.76307346
32.2,33.76307346
32.21,33.83156712
32.22,33.90006077
32.23,34.03704808
32.24,34.10554173
32.25,34.10554173
32.26,34.17403538
32.27,34.17403538
32.28,34.17403538
32.29,34.17403538
32.3,34.10554173
32.31,34.10554173
32.32,34.03704808
32.33,33.96855442
32.34,33.90006077
32.35,33.83156712
32.36,33.83156712
32.37,33.76307346
32.38,33.76307346
32.39,33.69457981
32.4,33.62608616
32.41,33.62608616
32.42,33.5575925
32.43,33.5575925
32.44,33.48909885
32.45,33.4206052
32.46,33.4206052
32.47,33.35211155
32.48,33.35211155
32.49,33.28361789
32.5,33.28361789
32.51,33.21940509
32.52,33.21940509
32.53,33.21940509
32.54,33.15091144
32.55,33.15091144
32.56,33.08241779
32.57,33.08241779
32.58,33.08241779
32.59,33.08241779
32.6,33.01392413
32.61,33.01392413
32.62,33.01392413
32.63,32.94543048
32.64,32.87693683
32.65,32.87693683
32.66,32.80844317
32.67,32.80844317
32.68,32.73994952
32.69,32.73994952
32.7,32.67145587
32.71,32.67145587
32.72,32.60296221
32.73,32.53446856
32.74,32.53446856
32.75,32.46597491
32.76,32.46597491
32.77,32.39748126
32.78,32.3289876
32.79,32.26049395
32.8,32.26049395
32.81,32.1920003
32.82,32.1920003
32.83,32.1920003
32.84,32.1920003
32.85,32.1277875
32.86,32.05929384
32.87,32.05929384
32.88,31.99080019
32.89,31.99080019
32.9,31.92230654
32.91,31.85381288
32.92,31.78531923
32.93,31.78531923
32.94,31.71682558
32.95,31.64833192
32.96,31.64833192
32.97,31.64833192
32.98,31.57983827
32.99,31.57983827
33,31.57983827
33.01,31.51134462
33.02,31.44285097
33.03,31.44285097
33.04,31.44285097
33.05,31.37435731
33.06,31.37435731
33.07,31.30586366
33.08,31.23737001
33.09,31.23737001
33.1,31.23737001
33.11,31.23737001
33.12,31.37435731
33.13,31.44285097
33.14,31.51134462
33.15,31.57983827
33.16,31.57983827
33.17,31.64833192
33.18,31.64833192
33.19,31.57983827
33.2,31.57983827
33.21,31.57983827
33.22,31.51134462
33.23,31.51134462
33.24,31.44285097
33.25,31.44285097
33.26,31.37435731
33.27,31.30586366
33.28,31.30586366
33.29,31.23737001
33.3,31.23737001
33.31,31.16887635
33.32,31.16887635
33.33,31.16887635
33.34,31.03188905
33.35,31.03188905
33.36,30.96767625
33.37,30.89918259
33.38,30.89918259
33.39,30.83068894
33.4,30.83068894
33.41,30.76219529
33.42,30.69370163
33.43,30.69370163
33.44,30.69370163
33.45,30.69370163
33.46,30.62520798
33.47,30.62520798
33.48,30.62520798
33.49,30.55671433
33.5,30.55671433
33.51,30.55671433
33.52,30.48822068
33.53,30.48822068
33.54,30.48822068
33.55,30.41972702
33.56,30.35123337
33.57,30.35123337
33.58,30.28273972
33.59,30.28273972
33.6,30.28273972
33.61,30.28273972
33.62,30.21424606
33.63,30.14575241
33.64,30.14575241
33.65,30.07725876
33.66,30.07725876
33.67,30.0087651
33.68,30.0087651
33.69,29.94027145
33.7,29.94027145
33.71,29.94027145
33.72,29.807565
33.73,29.807565
33.74,29.807565
33.75,29.73907134
33.76,29.73907134
33.77,29.73907134
33.78,29.67057769
33.79,29.60208404
33.8,29.60208404
33.81,29.53359039
33.82,29.53359039
33.83,29.46509673
33.84,29.46509673
33.85,29.39660308
33.86,29.39660308
33.87,29.32810943
33.88,29.32810943
33.89,29.25961577
33.9,29.25961577
33.91,29.19112212
33.92,29.19112212
33.93,29.12262847
33.94,29.05413481
33.95,29.05413481
33.96,28.98564116
33.97,28.98564116
33.98,28.98564116
33.99,28.98564116
34,28.91714751
34.01,28.91714751
34.02,28.91714751
34.03,28.98564116
34.04,29.12262847
34.05,29.19112212
34.06,29.19112212
34.07,29.19112212
34.08,29.25961577
34.09,29.25961577
34.1,29.25961577
34.11,29.19112212
34.12,29.19112212
34.13,29.19112212
34.14,29.05413481
34.15,29.05413481
34.16,28.98564116
34.17,28.98564116
34.18,28.91714751
34.19,28.91714751
34.2,28.84865385
34.21,28.84865385
34.22,28.84865385
34.23,28.7159474
34.24,28.7159474
34.25,28.7159474
34.26,28.64745375
34.27,28.64745375
34.28,28.51046644
34.29,28.51046644
34.3,28.51046644
34.31,28.44197279
34.32,28.44197279
34.33,28.44197279
34.34,28.44197279
34.35,28.37347914
34.36,28.37347914
34.37,28.30498548
34.38,28.30498548
34.39,28.30498548
34.4,28.30498548
34.41,28.23649183
34.42,28.23649183
34.43,28.16799818
34.44,28.16799818
34.45,28.09950452
34.46,28.09950452
34.47,28.09950452
34.48,28.03101087
34.49,28.03101087
34.5,27.96251722
34.51,27.89402356
34.52,27.89402356
34.53,27.82552991
34.54,27.82552991
34.55,27.75703626
34.56,27.75703626
34.57,27.75703626
34.58,27.68854261
34.59,27.62432981
34.6,27.62432981
34.61,27.62432981
34.62,27.55583615
34.63,27.55583615
34.64,27.4873425
34.65,27.4873425
34.66,27.41884885
34.67,27.41884885
34.68,27.41884885
34.69,27.35035519
34.7,27.28186154
34.71,27.28186154
34.72,27.28186154
34.73,27.21336789
34.74,27.21336789
34.75,27.21336789
34.76,27.14487423
34.77,27.07638058
34.78,27.07638058
34.79,27.00788693
34.8,27.00788693
34.81,27.00788693
34.82,26.93939327
34.83,26.93939327
34.84,26.87089962
34.85,26.80240597
34.86,26.80240597
34.87,26.66541866
34.88,26.66541866
34.89,26.66541866
34.9,26.59692501
34.91,26.52843136
34.92,26.52843136
34.93,26.59692501
34.94,26.66541866
34.95,26.87089962
34.96,26.87089962
34.97,26.93939327
34.98,27.00788693
34.99,26.93939327
35,27.00788693
35.01,26.93939327
35.02,26.87089962
35.03,26.87089962
35.04,26.80240597
35.05,26.66541866
35.06,26.66541866
35.07,26.59692501
35.08,26.52843136
35.09,26.52843136
35.1,26.46421856
35.11,26.46421856
35.12,26.3957249
35.13,26.3957249
35.14,26.32723125
35.15,26.32723125
35.16,26.2587376
35.17,26.2587376
35.18,26.2587376
35.19,26.19024394
35.2,26.19024394
35.21,26.12175029
35.22,26.12175029
35.23,26.12175029
35.24,26.12175029
35.25,26.05325664
35.26,25.98476298
35.27,25.98476298
35.28,25.98476298
35.29,25.91626933
35.3,25.91626933
35.31,25.91626933
35.32,25.91626933
35.33,25.91626933
35.34,25.84777568
35.35,25.84777568
35.36,25.77928203
35.37,25.77928203
35.38,25.71078837
35.39,25.71078837
35.4,25.64229472
35.41,25.64229472
35.42,25.57380107
35.43,25.57380107
35.44,25.57380107
35.45,25.43681376
35.46,25.43681376
35.47,25.43681376
35.48,25.43681376
35.49,25.37260096
35.5,25.37260096
35.51,25.37260096
35.52,25.23561365
35.53,25.23561365
35.54,25.16712
35.55,25.16712
35.56,25.16712
35.57,25.09862635
35.58,25.09862635
35.59,25.03013269
35.6,25.03013269
35.61,25.03013269
35.62,24.96163904
35.63,24.96163904
35.64,24.89314539
35.65,24.89314539
35.66,24.82465174
35.67,24.82465174
35.68,24.82465174
35.69,24.82465174
35.7,24.75615808
35.71,24.68766443
35.72,24.68766443
35.73,24.61917078
35.74,24.61917078
35.75,24.61917078
35.76,24.55067712
35.77,24.55067712
35.78,24.55067712
35.79,24.61917078
35.8,24.68766443
35.81,24.68766443
35.82,24.75615808
35.83,24.75615808
35.84,24.82465174
35.85,24.82465174
35.86,24.75615808
35.87,24.68766443
35.88,24.68766443
35.89,24.68766443
35.9,24.61917078
35.91,24.61917078
35.92,24.55067712
35.93,24.55067712
35.94,24.48218347
35.95,24.48218347
35.96,24.41368982
35.97,24.34519616
35.98,24.34519616
35.99,24.34519616
36,24.27670251
36.01,24.21248971
36.02,24.21248971
36.03,24.14399606
36.04,24.14399606
36.05,24.0755024
36.06,24.0755024
36.07,24.0755024
36.08,24.00700875
36.09,24.0755024
36.1,24.00700875
36.11,24.00700875
36.12,24.00700875
36.13,23.9385151
36.14,23.9385151
36.15,23.9385151
36.16,23.9385151
36.17,23.9385151
36.18,23.87002145
36.19,23.80152779
36.2,23.80152779
36.21,23.73303414
36.22,23.73303414
36.23,23.73303414
36.24,23.73303414
36.25,23.66454049
36.26,23.59604683
36.27,23.59604683
36.28,23.52755318
36.29,23.52755318
36.3,23.45905953
36.31,23.45905953
36.32,23.45905953
36.33,23.39056587
36.34,23.39056587
36.35,23.32207222
36.36,23.32207222
36.37,23.25357857
36.38,23.25357857
36.39,23.25357857
36.4,23.25357857
36.41,23.18508491
36.42,23.18508491
36.43,23.12087212
36.44,23.05237846
36.45,23.05237846
36.46,23.05237846
36.47,22.98388481
36.48,22.98388481
36.49,22.91539116
36.5,22.91539116
36.51,22.91539116
36.52,22.8468975
36.53,22.8468975
36.54,22.8468975
36.55,22.77840385
36.56,22.7099102
36.57,22.7099102
36.58,22.64141654
36.59,22.64141654
36.6,22.64141654
36.61,22.57292289
36.62,22.64141654
36.63,22.57292289
36.64,22.57292289
36.65,22.64141654
36.66,22.7099102
36.67,22.77840385
36.68,22.77840385
36.69,22.8468975
36.7,22.8468975
36.71,22.8468975
36.72,22.8468975
36.73,22.8468975
36.74,22.77840385
36.75,22.7099102
36.76,22.7099102
36.77,22.64141654
36.78,22.64141654
36.79,22.64141654
36.8,22.57292289
36.81,22.50442924
36.82,22.50442924
36.83,22.43593558
36.84,22.43593558
36.85,22.36744193
36.86,22.36744193
36.87,22.36744193
36.88,22.29894828
36.89,22.29894828
36.9,22.23045462
36.91,22.16196097
36.92,22.16196097
36.93,22.16196097
36.94,22.09346732
36.95,22.09346732
36.96,22.09346732
36.97,22.09346732
36.98,22.02497367
36.99,22.02497367
37,22.02497367
37.01,21.96076087
37.02,21.96076087
37.03,21.89226721
37.04,21.89226721
37.05,21.89226721
37.06,21.89226721
37.07,21.89226721
37.08,21.82377356
37.09,21.82377356
37.1,21.75527991
37.11,21.75527991
37.12,21.75527991
37.13,21.68678625
37.14,21.68678625
37.15,21.6182926
37.16,21.54979895
37.17,21.54979895
37.18,21.54979895
37.19,21.48130529
37.2,21.41281164
37.21,21.41281164
37.22,21.41281164
37.23,21.34431799
37.24,21.34431799
37.25,21.34431799
37.26,21.34431799
37.27,21.34431799
37.28,21.27582433
37.29,21.27582433
37.3,21.20733068
37.31,21.20733068
37.32,21.13883703
37.33,21.13883703
37.34,21.13883703
37.35,21.07034338
37.36,21.07034338
37.37,21.07034338
37.38,21.00184972
37.39,21.00184972
37.4,21.00184972
37.41,20.93335607
37.42,20.93335607
37.43,20.86914327
37.44,20.86914327
37.45,20.80064962
37.46,20.80064962
37.47,20.73215596
37.48,20.73215596
37.49,20.73215596
37.5,20.73215596
37.51,20.66366231
37.52,20.66366231
37.53,20.59516866
37.54,20.59516866
37.55,20.59516866
37.56,20.526675
37.57,20.526675
37.58,20.526675
37.59,20.526675
37.6,20.526675
37.61,20.45818135
37.62,20.526675
37.63,20.59516866
37.64,20.66366231
37.65,20.66366231
37.66,20.73215596
37.67,20.73215596
37.68,20.73215596
37.69,20.73215596
37.7,20.73215596
37.71,20.73215596
37.72,20.66366231
37.73,20.66366231
37.74,20.66366231
37.75,20.59516866
37.76,20.526675
37.77,20.526675
37.78,20.45818135
37.79,20.45818135
37.8,20.3896877
37.81,20.3896877
37.82,20.32119405
37.83,20.25270039
37.84,20.25270039
37.85,20.25270039
37.86,20.25270039
37.87,20.18420674
37.88,20.18420674
37.89,20.11571309
37.9,20.11571309
37.91,20.11571309
37.92,20.04721943
37.93,20.04721943
37.94,19.97872578
37.95,19.97872578
37.96,19.97872578
37.97,19.97872578
37.98,19.97872578
37.99,19.91023213
38,19.97872578
38.01,19.91023213
38.02,19.91023213
38.03,19.91023213
38.04,19.84173847
38.05,19.84173847
38.06,19.77324482
38.07,19.77324482
38.08,19.77324482
38.09,19.70903202
38.1,19.70903202
38.11,19.70903202
38.12,19.64053837
38.13,19.64053837
38.14,19.64053837
38.15,19.57204471
38.16,19.57204471
38.17,19.57204471
38.18,19.50355106
38.19,19.50355106
38.2,19.43505741
38.21,19.43505741
38.22,19.36656376
38.23,19.36656376
38.24,19.36656376
38.25,19.2980701
38.26,19.2980701
38.27,19.2980701
38.28,19.22957645
38.29,19.1610828
38.3,19.1610828
38.31,19.1610828
38.32,19.09258914
38.33,19.09258914
38.34,19.09258914
38.35,19.02409549
38.36,19.02409549
38.37,19.02409549
38.38,18.95560184
38.39,18.88710818
38.4,18.88710818
38.41,18.88710818
38.42,18.88710818
38.43,18.88710818
38.44,18.81861453
38.45,18.81861453
38.46,18.81861453
38.47,18.75012088
38.48,18.68162722
38.49,18.68162722
38.5,18.68162722
38.51,18.61741442
38.52,18.61741442
38.53,18.61741442
38.54,18.61741442
38.55,18.54892077
38.56,18.54892077
38.57,18.54892077
38.58,18.54892077
38.59,18.48042712
38.6,18.48042712
38.61,18.48042712
38.62,18.54892077
38.63,18.61741442
38.64,18.61741442
38.65,18.68162722
38.66,18.68162722
38.67,18.68162722
38.68,18.68162722
38.69,18.68162722
38.7,18.61741442
38.71,18.61741442
38.72,18.54892077
38.73,18.54892077
38.74,18.54892077
38.75,18.48042712
38.76,18.48042712
38.77,18.48042712
38.78,18.41193347
38.79,18.41193347
38.8,18.34343981
38.81,18.27494616
38.82,18.27494616
38.83,18.27494616
38.84,18.20645251
38.85,18.13795885
38.86,18.13795885
38.87,18.13795885
38.88,18.0694652
38.89,18.0694652
38.9,18.0694652
38.91,17.79549059
38.92,17.79549059
38.93,17.79549059
38.94,17.79549059
38.95,17.79549059
38.96,17.79549059
38.97,17.79549059
38.98,17.72699693
38.99,17.72699693
39,17.72699693
39.01,17.72699693
39.02,17.65850328
39.03,17.65850328
39.04,17.59000963
39.05,17.59000963
39.06,17.59000963
39.07,17.52151598
39.08,17.52151598
39.09,17.52151598
39.1,17.45730318
39.11,17.45730318
39.12,17.45730318
39.13,17.45730318
39.14,17.38880952
39.15,17.38880952
39.16,17.32031587
39.17,17.32031587
39.18,17.25182222
39.19,17.25182222
39.2,17.18332856
39.21,17.18332856
39.22,17.18332856
39.23,17.18332856
39.24,17.18332856
39.25,17.11483491
39.26,17.11483491
39.27,17.04634126
39.28,17.04634126
39.29,16.9778476
39.3,16.9778476
39.31,16.9778476
39.32,16.9778476
39.33,16.9778476
39.34,16.90935395
39.35,16.90935395
39.36,16.90935395
39.37,16.90935395
39.38,16.8408603
39.39,16.8408603
39.4,16.8408603
39.41,16.8408603
39.42,16.77236664
39.43,16.77236664
39.44,16.77236664
39.45,16.70387299
39.46,16.70387299
39.47,16.70387299
39.48,16.70387299
39.49,16.63537934
39.5,16.63537934
39.51,16.63537934
39.52,16.56688569
39.53,16.56688569
39.54,16.49839203
39.55,16.49839203
39.56,16.49839203
39.57,16.49839203
39.58,16.42989838
39.59,16.42989838
39.6,16.49839203
39.61,16.49839203
39.62,16.63537934
39.63,16.56688569
39.64,16.63537934
39.65,16.63537934
39.66,16.63537934
39.67,16.63537934
39.68,16.63537934
39.69,16.63537934
39.7,16.56688569
39.71,16.49839203
39.72,16.49839203
39.73,16.49839203
39.74,16.42989838
39.75,16.42989838
39.76,16.42989838
39.77,16.36568558
39.78,16.36568558
39.79,16.36568558
39.8,16.36568558
39.81,16.36568558
39.82,16.29719193
39.83,16.22869827
39.84,16.22869827
39.85,16.16020462
39.86,16.16020462
39.87,16.09171097
39.88,16.09171097
39.89,16.09171097
39.9,16.09171097
39.91,16.09171097
39.92,16.09171097
39.93,16.09171097
39.94,16.09171097
39.95,16.09171097
39.96,16.09171097
39.97,16.02321731
39.98,15.95472366
39.99,15.95472366
40,15.95472366
40.01,15.95472366
40.02,15.95472366
40.03,15.88623001
40.04,15.88623001
40.05,15.88623001
40.06,15.88623001
40.07,15.81773635
40.08,15.81773635
40.09,15.7492427
40.1,15.7492427
40.11,15.68074905
40.12,15.68074905
40.13,15.68074905
40.14,15.68074905
40.15,15.6122554
40.16,15.6122554
40.17,15.6122554
40.18,15.54376174
40.19,15.54376174
40.2,15.54376174
40.21,15.47526809
40.22,15.47526809
40.23,15.40677444
40.24,15.40677444
40.25,15.40677444
40.26,15.33828078
40.27,15.33828078
40.28,15.33828078
40.29,15.33828078
40.3,15.33828078
40.31,15.26978713
40.32,15.26978713
40.33,15.26978713
40.34,15.26978713
40.35,15.20557433
40.36,15.20557433
40.37,15.20557433
40.38,15.13708068
40.39,15.13708068
40.4,15.06858702
40.41,15.06858702
40.42,15.06858702
40.43,15.06858702
40.44,15.00009337
40.45,15.00009337
40.46,15.00009337
40.47,15.00009337
40.48,15.00009337
40.49,14.93159972
40.5,14.86310606
40.51,14.86310606
40.52,14.86310606
40.53,14.86310606
40.54,14.86310606
40.55,14.86310606
40.56,14.93159972
40.57,15.00009337
40.58,15.00009337
40.59,15.00009337
40.6,15.00009337
40.61,15.00009337
40.62,15.00009337
40.63,15.00009337
40.64,15.00009337
40.65,15.00009337
40.66,14.93159972
40.67,14.93159972
40.68,14.93159972
40.69,14.86310606
40.7,14.86310606
40.71,14.86310606
40.72,14.79461241
40.73,14.72611876
40.74,14.72611876
40.75,14.72611876
40.76,14.72611876
40.77,14.65762511
40.78,14.65762511
40.79,14.58913145
40.8,14.58913145
40.81,14.58913145
40.82,14.5206378
40.83,14.5206378
40.84,14.5206378
40.85,14.5206378
40.86,14.45214415
40.87,14.45214415
40.88,14.45214415
40.89,14.45214415
40.9,14.45214415
40.91,14.45214415
40.92,14.45214415
40.93,14.45214415
40.94,14.38365049
40.95,14.38365049
40.96,14.31515684
40.97,14.31515684
40.98,14.31515684
40.99,14.31515684
41,14.31515684
41.01,14.24666319
41.02,14.24666319
41.03,14.17816953
41.04,14.17816953
41.05,14.17816953
41.06,14.17816953
41.07,14.11395673
41.08,14.11395673
41.09,14.11395673
41.1,14.11395673
41.11,14.04546308
41.12,14.04546308
41.13,14.04546308
41.14,13.97696943
41.15,13.97696943
41.16,13.97696943
41.17,13.97696943
41.18,13.90847577
41.19,13.90847577
41.2,13.90847577
41.21,13.90847577
41.22,13.90847577
41.23,13.83998212
41.24,13.83998212
41.25,13.77148847
41.26,13.77148847
41.27,13.77148847
41.28,13.70299482
41.29,13.70299482
41.3,13.77148847
41.31,13.70299482
41.32,13.70299482
41.33,13.70299482
41.34,13.70299482
41.35,13.63450116
41.36,13.70299482
41.37,13.63450116
41.38,13.63450116
41.39,13.63450116
41.4,13.56600751
41.41,13.56600751
41.42,13.63450116
41.43,13.70299482
41.44,13.70299482
41.45,13.70299482
41.46,13.70299482
41.47,13.70299482
41.48,13.70299482
41.49,13.70299482
41.5,13.70299482
41.51,13.63450116
41.52,13.63450116
41.53,13.63450116
41.54,13.63450116
41.55,13.56600751
41.56,13.56600751
41.57,13.56600751
41.58,13.56600751
41.59,13.49751386
41.6,13.4290202
41.61,13.4290202
41.62,13.4290202
41.63,13.36052655
41.64,13.36052655
41.65,13.36052655
41.66,13.36052655
41.67,13.2920329
41.68,13.2920329
41.69,13.2920329
41.7,13.2920329
41.71,13.22353924
41.72,13.22353924
41.73,13.22353924
41.74,13.22353924
41.75,13.22353924
41.76,13.22353924
41.77,13.22353924
41.78,13.15504559
41.79,13.15504559
41.8,13.15504559
41.81,13.15504559
41.82,13.15504559
41.83,13.15504559
41.84,13.15504559
41.85,13.08655194
41.86,13.08655194
41.87,13.08655194
41.88,13.01805828
41.89,13.01805828
41.9,13.01805828
41.91,13.01805828
41.92,12.95384548
41.93,12.95384548
41.94,12.95384548
41.95,12.88535183
41.96,12.88535183
41.97,12.88535183
41.98,12.88535183
41.99,12.81685818
42,12.81685818
42.01,12.81685818
42.02,12.81685818
42.03,12.81685818
42.04,12.81685818
42.05,12.74836453
42.06,12.67987087
42.07,12.74836453
42.08,12.67987087
42.09,12.67987087
42.1,12.61137722
42.11,12.67987087
42.12,12.61137722
42.13,12.61137722
42.14,12.61137722
42.15,12.61137722
42.16,12.61137722
42.17,12.54288357
42.18,12.54288357
42.19,12.54288357
42.2,12.47438991
42.21,12.47438991
42.22,12.47438991
42.23,12.47438991
42.24,12.47438991
42.25,12.47438991
42.26,12.40589626
42.27,12.40589626
42.28,12.40589626
42.29,12.40589626
42.3,12.40589626
42.31,12.40589626
42.32,12.47438991
42.33,12.47438991
42.34,12.47438991
42.35,12.54288357
42.36,12.54288357
42.37,12.54288357
42.38,12.54288357
42.39,12.54288357
42.4,12.47438991
42.41,12.47438991
42.42,12.40589626
42.43,12.33740261
42.44,12.40589626
42.45,12.40589626
42.46,12.33740261
42.47,12.33740261
42.48,12.33740261
42.49,12.33740261
42.5,12.33740261
42.51,12.26890895
42.52,12.26890895
42.53,12.26890895
42.54,12.26890895
42.55,12.2004153
42.56,12.2004153
42.57,12.13192165
42.58,12.13192165
42.59,12.13192165
42.6,12.13192165
42.61,12.13192165
42.62,12.13192165
42.63,12.13192165
42.64,12.13192165
42.65,12.13192165
42.66,12.13192165
42.67,12.13192165
42.68,12.13192165
42.69,12.06342799
42.7,12.06342799
42.71,12.13192165
42.72,12.06342799
42.73,12.06342799
42.74,12.06342799
42.75,12.06342799
42.76,12.06342799
42.77,12.06342799
42.78,12.06342799
42.79,11.99493434
42.8,11.99493434
42.81,11.99493434
42.82,11.99493434
42.83,11.99493434
42.84,11.99493434
42.85,11.92644069
42.86,11.92644069
42.87,11.92644069
42.88,11.92644069
42.89,11.92644069
42.9,11.92644069
42.91,11.86222789
42.92,11.79373424
42.93,11.86222789
42.94,11.79373424
42.95,11.79373424
42.96,11.79373424
42.97,11.79373424
42.98,11.79373424
42.99,11.79373424
43,11.79373424
43.01,11.79373424
43.02,11.79373424
43.03,11.79373424
43.04,11.79373424
43.05,11.79373424
43.06,11.79373424
43.07,11.72524058
43.08,11.72524058
43.09,11.72524058
43.1,11.72524058
43.11,11.72524058
43.12,11.65674693
43.13,11.65674693
43.14,11.58825328
43.15,11.58825328
43.16,11.58825328
43.17,11.58825328
43.18,11.51975962
43.19,11.58825328
43.2,11.51975962
43.21,11.51975962
43.22,11.51975962
43.23,11.58825328
43.24,11.58825328
43.25,11.65674693
43.26,11.65674693
43.27,11.65674693
43.28,11.65674693
43.29,11.58825328
43.3,11.58825328
43.31,11.65674693
43.32,11.65674693
43.33,11.65674693
43.34,11.65674693
43.35,11.65674693
43.36,11.58825328
43.37,11.58825328
43.38,11.51975962
43.39,11.51975962
43.4,11.51975962
43.41,11.45126597
43.42,11.45126597
43.43,11.45126597
43.44,11.45126597
43.45,11.45126597
43.46,11.38277232
43.47,11.38277232
43.48,11.38277232
43.49,11.38277232
43.5,11.38277232
43.51,11.38277232
43.52,11.38277232
43.53,11.38277232
43.54,11.38277232
43.55,11.38277232
43.56,11.38277232
43.57,11.38277232
43.58,11.38277232
43.59,11.38277232
43.6,11.38277232
43.61,11.31427866
43.62,11.31427866
43.63,11.31427866
43.64,11.24578501
43.65,11.31427866
43.66,11.31427866
43.67,11.38277232
43.68,11.31427866
43.69,11.31427866
43.7,11.31427866
43.71,11.24578501
43.72,11.31427866
43.73,11.24578501
43.74,11.24578501
43.75,11.24578501
43.76,11.24578501
43.77,11.24578501
43.78,11.24578501
43.79,11.24578501
43.8,11.24578501
43.81,11.24578501
43.82,11.24578501
43.83,11.24578501
43.84,11.24578501
43.85,11.17729136
43.86,11.17729136
43.87,11.17729136
43.88,11.17729136
43.89,11.1087977
43.9,11.1087977
43.91,11.04030405
43.92,11.04030405
43.93,11.04030405
43.94,11.04030405
43.95,11.04030405
43.96,11.04030405
43.97,10.9718104
43.98,10.9718104
43.99,10.9718104
44,10.9718104
44.01,10.9718104
44.02,10.9718104
44.03,10.9718104
44.04,10.90331675
44.05,10.90331675
44.06,10.90331675
44.07,10.90331675
44.08,10.83482309
44.09,10.83482309
44.1,10.83482309
44.11,10.83482309
44.12,10.83482309
44.13,10.83482309
44.14,10.83482309
44.15,10.83482309
44.16,10.83482309
44.17,10.83482309
44.18,10.83482309
44.19,10.76632944
44.2,10.83482309
44.21,10.90331675
44.22,10.90331675
44.23,10.90331675
44.24,10.83482309
44.25,10.83482309
44.26,10.83482309
44.27,10.83482309
44.28,10.83482309
44.29,10.83482309
44.3,10.83482309
44.31,10.83482309
44.32,10.83482309
44.33,10.76632944
44.34,10.76632944
44.35,10.76632944
44.36,10.70211664
44.37,10.70211664
44.38,10.70211664
44.39,10.63362299
44.4,10.63362299
44.41,10.56512933
44.42,10.56512933
44.43,10.49663568
44.44,10.49663568
44.45,10.49663568
44.46,10.49663568
44.47,10.42814203
44.48,10.42814203
44.49,10.42814203
44.5,10.42814203
44.51,10.42814203
44.52,10.42814203
44.53,10.35964837
44.54,10.35964837
44.55,10.35964837
44.56,10.35964837
44.57,10.35964837
44.58,10.35964837
44.59,10.29115472
44.6,10.29115472
44.61,10.29115472
44.62,10.29115472
44.63,10.22266107
44.64,10.22266107
44.65,10.22266107
44.66,10.15416741
44.67,10.15416741
44.68,10.15416741
44.69,10.15416741
44.7,10.15416741
44.71,10.15416741
44.72,10.15416741
44.73,10.08567376
44.74,10.08567376
44.75,10.08567376
44.76,10.01718011
44.77,10.01718011
44.78,10.01718011
44.79,10.01718011
44.8,10.01718011
44.81,10.01718011
44.82,10.01718011
44.83,10.01718011
44.84,10.01718011
44.85,9.948686455
44.86,9.948686455
44.87,9.948686455
44.88,9.948686455
44.89,9.948686455
44.9,9.880192802
44.91,9.880192802
44.92,9.880192802
44.93,9.880192802
44.94,9.880192802
44.95,9.811699149
44.96,9.811699149
44.97,9.811699149
44.98,9.811699149
44.99,9.811699149
45,9.811699149
45.01,9.811699149
45.02,9.743205496
45.03,9.743205496
45.04,9.743205496
45.05,9.743205496
45.06,9.743205496
45.07,9.743205496
45.08,9.811699149
45.09,9.811699149
45.1,9.811699149
45.11,9.880192802
45.12,9.811699149
45.13,9.880192802
45.14,9.811699149
45.15,9.811699149
45.16,9.811699149
45.17,9.811699149
45.18,9.811699149
45.19,9.811699149
45.2,9.811699149
45.21,9.811699149
45.22,9.811699149
45.23,9.743205496
45.24,9.811699149
45.25,9.743205496
45.26,9.743205496
45.27,9.743205496
45.28,9.743205496
45.29,9.610499043
45.3,9.674711843
45.31,9.610499043
45.32,9.610499043
45.33,9.610499043
45.34,9.610499043
45.35,9.610499043
45.36,9.610499043
45.37,9.610499043
45.38,9.610499043
45.39,9.610499043
45.4,9.610499043
45.41,9.54200539
45.42,9.610499043
45.43,9.610499043
45.44,9.610499043
45.45,9.54200539
45.46,9.54200539
45.47,9.54200539
45.48,9.54200539
45.49,9.54200539
45.5,9.54200539
45.51,9.54200539
45.52,9.473511737
45.53,9.54200539
45.54,9.473511737
45.55,9.54200539
45.56,9.473511737
45.57,9.473511737
45.58,9.405018084
45.59,9.405018084
45.6,9.405018084
45.61,9.336524431
45.62,9.336524431
45.63,9.268030778
45.64,9.336524431
45.65,9.268030778
45.66,9.199537125
45.67,9.199537125
45.68,9.199537125
45.69,9.199537125
45.7,9.199537125
